date,rate_2Y,rate_5Y,rate_10Y,rate_30Y,fedfunds,breakeven_5Y
2005-01-01,,,,,2.28,
2005-01-03,3.1,3.64,4.23,4.85,,2.62
2005-01-04,3.2,3.72,4.29,4.91,,2.62
2005-01-05,3.22,3.73,4.29,4.88,,2.6
2005-01-06,3.18,3.71,4.29,4.89,,2.59
2005-01-07,3.2,3.73,4.29,4.88,,2.57
2005-01-10,3.23,3.75,4.29,4.86,,2.62
2005-01-11,3.24,3.73,4.26,4.84,,2.6
2005-01-12,3.22,3.72,4.25,4.8,,2.6
2005-01-13,3.21,3.68,4.2,4.77,,2.6
2005-01-14,3.24,3.71,4.23,4.78,,2.58
2005-01-17,,,,,,
2005-01-18,3.26,3.72,4.21,4.72,,2.57
2005-01-19,3.26,3.73,4.2,4.7,,2.56
2005-01-20,3.21,3.68,4.17,4.71,,2.52
2005-01-21,3.16,3.65,4.16,4.7,,2.51
2005-01-24,3.2,3.65,4.14,4.63,,2.52
2005-01-25,3.23,3.71,4.2,4.71,,2.55
2005-01-26,3.27,3.73,4.21,4.7,,2.58
2005-01-27,3.28,3.75,4.22,4.71,,2.59
2005-01-28,3.25,3.69,4.16,4.64,,2.58
2005-01-31,3.29,3.71,4.14,4.62,,2.58
2005-02-01,3.29,3.71,4.15,4.63,2.5,2.56
2005-02-02,3.32,3.73,4.15,4.61,,2.55
2005-02-03,3.34,3.76,4.18,4.58,,2.56
2005-02-04,3.29,3.68,4.09,4.48,,2.57
2005-02-07,3.31,3.67,4.07,4.43,,2.56
2005-02-08,3.33,3.68,4.05,4.39,,2.61
2005-02-09,3.24,3.58,4.0,4.4,,2.63
2005-02-10,3.29,3.65,4.07,4.5,,2.66
2005-02-11,3.34,3.7,4.1,4.52,,2.7
2005-02-14,3.38,3.7,4.08,4.45,,2.72
2005-02-15,3.37,3.71,4.1,4.48,,2.65
2005-02-16,3.41,3.78,4.16,4.53,,2.68
2005-02-17,3.38,3.78,4.19,4.58,,2.7
2005-02-18,3.45,3.86,4.27,4.65,,2.78
2005-02-21,,,,,,
2005-02-22,3.46,3.88,4.29,4.71,,2.81
2005-02-23,3.46,3.87,4.27,4.69,,2.81
2005-02-24,3.52,3.91,4.29,4.67,,2.81
2005-02-25,3.54,3.91,4.27,4.61,,2.8
2005-02-28,3.59,4.0,4.36,4.71,,2.82
2005-03-01,3.59,4.02,4.38,4.69,2.63,2.85
2005-03-02,3.57,4.0,4.38,4.71,,2.86
2005-03-03,3.59,4.02,4.39,4.71,,2.87
2005-03-04,3.57,3.97,4.32,4.66,,2.85
2005-03-07,3.61,3.99,4.31,4.63,,2.86
2005-03-08,3.62,4.05,4.38,4.67,,2.89
2005-03-09,3.66,4.16,4.52,4.84,,2.93
2005-03-10,3.68,4.13,4.48,4.74,,2.88
2005-03-11,3.73,4.22,4.56,4.8,,2.88
2005-03-14,3.75,4.2,4.52,4.77,,2.86
2005-03-15,3.75,4.22,4.54,4.8,,2.88
2005-03-16,3.72,4.18,4.52,4.78,,2.89
2005-03-17,3.7,4.14,4.47,4.75,,2.91
2005-03-18,3.72,4.18,4.51,4.8,,2.92
2005-03-21,3.72,4.18,4.53,4.85,,2.9
2005-03-22,3.86,4.31,4.63,4.88,,2.94
2005-03-23,3.84,4.3,4.61,4.86,,2.86
2005-03-24,3.88,4.3,4.6,4.84,,2.85
2005-03-25,,,,,,
2005-03-28,3.9,4.33,4.64,4.88,,2.85
2005-03-29,3.87,4.3,4.6,4.85,,2.85
2005-03-30,3.86,4.26,4.56,4.77,,2.84
2005-03-31,3.8,4.18,4.5,4.76,,2.87
2005-04-01,3.75,4.13,4.46,4.72,2.79,2.85
2005-04-04,3.74,4.13,4.47,4.73,,2.85
2005-04-05,3.75,4.15,4.48,4.75,,2.83
2005-04-06,3.7,4.09,4.44,4.73,,2.79
2005-04-07,3.72,4.13,4.49,4.78,,2.77
2005-04-08,3.77,4.17,4.5,4.77,,2.8
2005-04-11,3.75,4.13,4.45,4.73,,2.78
2005-04-12,3.71,4.05,4.38,4.66,,2.76
2005-04-13,3.66,4.03,4.38,4.68,,2.72
2005-04-14,3.6,3.99,4.37,4.73,,2.73
2005-04-15,3.54,3.9,4.27,4.66,,2.7
2005-04-18,3.55,3.9,4.27,4.62,,2.71
2005-04-19,3.5,3.85,4.21,4.53,,2.72
2005-04-20,3.52,3.86,4.22,4.59,,2.75
2005-04-21,3.65,3.97,4.32,4.62,,2.8
2005-04-22,3.62,3.92,4.26,4.6,,2.81
2005-04-25,3.64,3.94,4.26,4.54,,2.79
2005-04-26,3.67,3.96,4.28,4.59,,2.79
2005-04-27,3.64,3.92,4.25,4.57,,2.75
2005-04-28,3.59,3.85,4.19,4.52,,2.74
2005-04-29,3.66,3.9,4.21,4.53,,2.73
2005-05-01,,,,,3.0,
2005-05-02,3.64,3.88,4.21,4.53,,2.7
2005-05-03,3.68,3.9,4.21,4.49,,2.66
2005-05-04,3.63,3.87,4.2,4.6,,2.66
2005-05-05,3.58,3.82,4.19,4.6,,2.64
2005-05-06,3.73,3.95,4.28,4.62,,2.68
2005-05-09,3.76,3.99,4.29,4.64,,2.71
2005-05-10,3.69,3.93,4.23,4.6,,2.69
2005-05-11,3.68,3.91,4.21,4.54,,2.67
2005-05-12,3.66,3.87,4.18,4.54,,2.6
2005-05-13,3.61,3.83,4.12,4.48,,2.53
2005-05-16,3.61,3.83,4.13,4.49,,2.53
2005-05-17,3.61,3.82,4.12,4.47,,2.54
2005-05-18,3.56,3.77,4.07,4.42,,2.49
2005-05-19,3.64,3.84,4.11,4.44,,2.5
2005-05-20,3.69,3.88,4.13,4.44,,2.55
2005-05-23,3.65,3.83,4.07,4.38,,2.5
2005-05-24,3.61,3.78,4.04,4.35,,2.48
2005-05-25,3.61,3.81,4.08,4.4,,2.5
2005-05-26,3.64,3.82,4.08,4.45,,2.47
2005-05-27,3.64,3.82,4.08,4.45,,2.5
2005-05-30,,,,,,
2005-05-31,3.6,3.76,4.0,4.36,,2.47
2005-06-01,3.5,3.63,3.91,4.27,3.04,2.44
2005-06-02,3.52,3.65,3.89,4.2,,2.42
2005-06-03,3.57,3.73,3.98,4.26,,2.42
2005-06-06,3.59,3.73,3.96,4.23,,2.43
2005-06-07,3.57,3.7,3.92,4.18,,2.39
2005-06-08,3.6,3.73,3.95,4.24,,2.39
2005-06-09,3.64,3.76,3.98,4.23,,2.39
2005-06-10,3.71,3.84,4.05,4.3,,2.37
2005-06-13,3.71,3.87,4.09,4.39,,2.38
2005-06-14,3.71,3.89,4.13,4.41,,2.39
2005-06-15,3.72,3.9,4.12,4.44,,2.38
2005-06-16,3.7,3.87,4.09,4.36,,2.39
2005-06-17,3.72,3.88,4.09,4.35,,2.43
2005-06-20,3.72,3.88,4.11,4.34,,2.42
2005-06-21,3.71,3.84,4.06,4.32,,2.4
2005-06-22,3.62,3.72,3.95,4.23,,2.32
2005-06-23,3.63,3.74,3.96,4.27,,2.34
2005-06-24,3.59,3.69,3.92,4.23,,2.32
2005-06-27,3.6,3.69,3.9,4.25,,2.35
2005-06-28,3.65,3.76,3.97,4.22,,2.36
2005-06-29,3.65,3.77,3.99,4.24,,2.35
2005-06-30,3.66,3.72,3.94,4.19,,2.31
2005-07-01,3.76,3.84,4.06,4.28,3.26,2.34
2005-07-04,,,,,,
2005-07-05,3.79,3.9,4.11,4.34,,2.35
2005-07-06,3.77,3.86,4.08,4.31,,2.34
2005-07-07,3.71,3.83,4.05,4.28,,2.33
2005-07-08,3.78,3.89,4.11,4.33,,2.33
2005-07-11,3.81,3.91,4.11,4.3,,2.36
2005-07-12,3.82,3.94,4.15,4.36,,2.37
2005-07-13,3.84,3.96,4.17,4.38,,2.35
2005-07-14,3.86,3.98,4.19,4.4,,2.27
2005-07-15,3.86,3.98,4.18,4.39,,2.23
2005-07-18,3.89,4.01,4.22,4.44,,2.22
2005-07-19,3.88,3.99,4.2,4.41,,2.25
2005-07-20,3.9,3.99,4.17,4.37,,2.27
2005-07-21,3.96,4.09,4.28,4.48,,2.32
2005-07-22,3.92,4.04,4.23,4.39,,2.32
2005-07-25,3.95,4.06,4.25,4.44,,2.3
2005-07-26,3.95,4.06,4.24,4.44,,2.3
2005-07-27,3.99,4.09,4.27,4.42,,2.31
2005-07-28,3.96,4.04,4.2,4.38,,2.31
2005-07-29,4.02,4.12,4.28,4.42,,2.32
2005-08-01,4.04,4.16,4.32,4.46,3.5,2.37
2005-08-02,4.06,4.17,4.34,4.52,,2.37
2005-08-03,4.02,4.13,4.3,4.48,,2.38
2005-08-04,4.04,4.15,4.32,4.5,,2.38
2005-08-05,4.11,4.24,4.4,4.56,,2.41
2005-08-08,4.16,4.28,4.42,4.58,,2.43
2005-08-09,4.13,4.25,4.41,4.56,,2.39
2005-08-10,4.13,4.24,4.4,4.56,,2.39
2005-08-11,4.1,4.18,4.32,4.51,,2.38
2005-08-12,4.05,4.11,4.24,4.42,,2.38
2005-08-15,4.08,4.15,4.27,4.45,,2.41
2005-08-16,4.03,4.1,4.23,4.41,,2.42
2005-08-17,4.07,4.15,4.28,4.49,,2.42
2005-08-18,4.01,4.08,4.21,4.4,,2.4
2005-08-19,4.03,4.08,4.21,4.4,,2.42
2005-08-22,4.03,4.08,4.22,4.4,,2.41
2005-08-23,4.01,4.07,4.2,4.39,,2.42
2005-08-24,3.99,4.06,4.19,4.38,,2.42
2005-08-25,4.0,4.06,4.18,4.37,,2.44
2005-08-26,4.06,4.09,4.2,4.38,,2.44
2005-08-29,4.06,4.08,4.2,4.37,,2.45
2005-08-30,3.97,4.03,4.16,4.34,,2.51
2005-08-31,3.84,3.87,4.02,4.23,,2.44
2005-09-01,3.72,3.85,4.02,4.28,3.62,2.47
2005-09-02,3.75,3.85,4.03,4.26,,2.53
2005-09-05,,,,,,
2005-09-06,3.8,3.89,4.09,4.36,,2.49
2005-09-07,3.87,3.93,4.15,4.43,,2.5
2005-09-08,3.87,3.94,4.15,4.43,,2.56
2005-09-09,3.88,3.94,4.14,4.36,,2.62
2005-09-12,3.92,3.98,4.18,4.45,,2.61
2005-09-13,3.88,3.93,4.14,4.38,,2.59
2005-09-14,3.9,3.96,4.17,4.41,,2.6
2005-09-15,3.9,3.99,4.22,4.51,,2.62
2005-09-16,3.97,4.05,4.26,4.56,,2.65
2005-09-19,3.93,4.02,4.25,4.55,,2.67
2005-09-20,4.0,4.06,4.26,4.49,,2.63
2005-09-21,3.96,4.01,4.19,4.47,,2.65
2005-09-22,3.95,3.99,4.19,4.47,,2.63
2005-09-23,4.02,4.07,4.25,4.47,,2.64
2005-09-26,4.07,4.11,4.3,4.56,,2.63
2005-09-27,4.08,4.13,4.3,4.56,,2.66
2005-09-28,4.09,4.11,4.26,4.46,,2.67
2005-09-29,4.13,4.14,4.29,4.5,,2.69
2005-09-30,4.18,4.18,4.34,4.53,,2.72
2005-10-01,,,,,3.78,
2005-10-03,4.21,4.25,4.39,4.58,,2.71
2005-10-04,4.22,4.24,4.38,4.61,,2.68
2005-10-05,4.21,4.23,4.36,4.54,,2.66
2005-10-06,4.2,4.23,4.37,4.55,,2.59
2005-10-07,4.18,4.23,4.35,4.53,,2.59
2005-10-10,,,,,,
2005-10-11,4.22,4.27,4.39,4.56,,2.6
2005-10-12,4.24,4.32,4.45,4.62,,2.61
2005-10-13,4.24,4.32,4.48,4.66,,2.59
2005-10-14,4.27,4.34,4.48,4.67,,2.63
2005-10-17,4.29,4.36,4.5,4.68,,2.68
2005-10-18,4.27,4.34,4.49,4.64,,2.68
2005-10-19,4.25,4.32,4.47,4.66,,2.66
2005-10-20,4.27,4.33,4.46,4.62,,2.65
2005-10-21,4.22,4.26,4.39,4.58,,2.6
2005-10-24,4.25,4.32,4.45,4.63,,2.61
2005-10-25,4.34,4.41,4.54,4.7,,2.6
2005-10-26,4.38,4.46,4.6,4.77,,2.62
2005-10-27,4.36,4.43,4.57,4.74,,2.62
2005-10-28,4.4,4.46,4.58,4.74,,2.64
2005-10-31,4.4,4.45,4.57,4.73,,2.64
2005-11-01,4.42,4.47,4.58,4.74,4.0,2.63
2005-11-02,4.43,4.5,4.61,4.74,,2.63
2005-11-03,4.47,4.55,4.65,4.79,,2.64
2005-11-04,4.47,4.56,4.66,4.84,,2.66
2005-11-07,4.47,4.55,4.65,4.82,,2.64
2005-11-08,4.43,4.49,4.57,4.75,,2.59
2005-11-09,4.49,4.55,4.64,4.78,,2.56
2005-11-10,4.44,4.49,4.55,4.74,,2.47
2005-11-11,,,,,,
2005-11-14,4.5,4.54,4.61,4.75,,2.44
2005-11-15,4.47,4.51,4.56,4.7,,2.43
2005-11-16,4.42,4.43,4.49,4.63,,2.4
2005-11-17,4.37,4.39,4.46,4.6,,2.39
2005-11-18,4.4,4.43,4.5,4.68,,2.38
2005-11-21,4.39,4.39,4.46,4.62,,2.4
2005-11-22,4.32,4.34,4.43,4.65,,2.41
2005-11-23,4.36,4.38,4.47,4.7,,2.41
2005-11-24,,,,,,
2005-11-25,4.33,4.34,4.43,4.66,,2.4
2005-11-28,4.33,4.32,4.41,4.58,,2.38
2005-11-29,4.4,4.4,4.48,4.65,,2.37
2005-11-30,4.42,4.42,4.49,4.66,,2.35
2005-12-01,4.45,4.45,4.52,4.68,4.16,2.37
2005-12-02,4.43,4.45,4.52,4.68,,2.36
2005-12-05,4.47,4.5,4.57,4.72,,2.41
2005-12-06,4.42,4.42,4.49,4.68,,2.36
2005-12-07,4.42,4.43,4.52,4.67,,2.31
2005-12-08,4.37,4.36,4.47,4.62,,2.28
2005-12-09,4.43,4.44,4.54,4.72,,2.31
2005-12-12,4.45,4.46,4.56,4.69,,2.34
2005-12-13,4.43,4.44,4.54,4.68,,2.34
2005-12-14,4.37,4.36,4.45,4.63,,2.32
2005-12-15,4.37,4.38,4.47,4.62,,2.32
2005-12-16,4.37,4.36,4.45,4.63,,2.28
2005-12-19,4.38,4.37,4.45,4.62,,2.28
2005-12-20,4.42,4.4,4.47,4.63,,2.3
2005-12-21,4.43,4.42,4.49,4.65,,2.29
2005-12-22,4.4,4.38,4.44,4.59,,2.28
2005-12-23,4.37,4.32,4.38,4.52,,2.26
2005-12-26,,,,,,
2005-12-27,4.35,4.3,4.34,4.48,,2.25
2005-12-28,4.37,4.32,4.38,4.51,,2.23
2005-12-29,4.38,4.33,4.37,4.49,,2.26
2005-12-30,4.41,4.35,4.39,4.51,,2.3
2006-01-01,,,,,4.29,
2006-01-02,,,,,,
2006-01-03,4.34,4.3,4.37,4.52,,2.3
2006-01-04,4.31,4.28,4.36,4.55,,2.31
2006-01-05,4.32,4.29,4.36,4.51,,2.28
2006-01-06,4.36,4.32,4.38,4.53,,2.33
2006-01-09,4.36,4.32,4.38,4.53,,2.35
2006-01-10,4.41,4.36,4.43,4.62,,2.38
2006-01-11,4.44,4.39,4.46,4.61,,2.39
2006-01-12,4.39,4.35,4.42,4.56,,2.41
2006-01-13,4.34,4.28,4.36,4.49,,2.38
2006-01-16,,,,,,
2006-01-17,4.33,4.27,4.34,4.52,,2.4
2006-01-18,4.33,4.28,4.34,4.53,,2.4
2006-01-19,4.37,4.31,4.38,4.51,,2.41
2006-01-20,4.37,4.31,4.37,4.54,,2.47
2006-01-23,4.35,4.3,4.36,4.54,,2.46
2006-01-24,4.37,4.32,4.4,4.53,,2.45
2006-01-25,4.46,4.41,4.49,4.62,,2.43
2006-01-26,4.49,4.44,4.53,4.66,,2.47
2006-01-27,4.51,4.45,4.52,4.7,,2.52
2006-01-30,4.52,4.46,4.54,4.67,,2.54
2006-01-31,4.54,4.47,4.53,4.69,,2.58
2006-02-01,4.59,4.51,4.57,4.69,4.49,2.57
2006-02-02,4.59,4.51,4.57,4.68,,2.55
2006-02-03,4.59,4.5,4.54,4.64,,2.57
2006-02-06,4.62,4.51,4.55,4.61,,2.58
2006-02-07,4.61,4.52,4.57,4.64,,2.57
2006-02-08,4.64,4.55,4.56,4.67,,2.54
2006-02-09,4.66,4.55,4.54,4.51,,2.55
2006-02-10,4.69,4.59,4.59,4.55,,2.57
2006-02-13,4.68,4.58,4.58,4.56,,2.55
2006-02-14,4.69,4.61,4.62,4.6,,2.52
2006-02-15,4.71,4.6,4.61,4.58,,2.52
2006-02-16,4.69,4.59,4.59,4.57,,2.56
2006-02-17,4.66,4.55,4.54,4.51,,2.6
2006-02-20,,,,,,
2006-02-21,4.71,4.59,4.57,4.53,,2.62
2006-02-22,4.68,4.57,4.53,4.48,,2.64
2006-02-23,4.72,4.63,4.56,4.51,,2.66
2006-02-24,4.74,4.64,4.58,4.52,,2.7
2006-02-27,4.74,4.66,4.59,4.55,,2.7
2006-02-28,4.69,4.61,4.55,4.51,,2.68
2006-03-01,4.71,4.63,4.59,4.56,4.59,2.71
2006-03-02,4.72,4.68,4.64,4.62,,2.74
2006-03-03,4.76,4.71,4.68,4.66,,2.76
2006-03-06,4.77,4.76,4.74,4.72,,2.73
2006-03-07,4.77,4.76,4.74,4.72,,2.71
2006-03-08,4.72,4.75,4.73,4.72,,2.66
2006-03-09,4.72,4.75,4.74,4.72,,2.66
2006-03-10,4.74,4.77,4.76,4.74,,2.62
2006-03-13,4.74,4.78,4.77,4.77,,2.61
2006-03-14,4.66,4.68,4.71,4.71,,2.61
2006-03-15,4.69,4.69,4.73,4.75,,2.62
2006-03-16,4.62,4.6,4.65,4.7,,2.62
2006-03-17,4.65,4.62,4.68,4.72,,2.62
2006-03-20,4.65,4.61,4.66,4.7,,2.6
2006-03-21,4.72,4.68,4.71,4.74,,2.57
2006-03-22,4.74,4.69,4.7,4.73,,2.56
2006-03-23,4.77,4.73,4.73,4.75,,2.58
2006-03-24,4.72,4.66,4.67,4.7,,2.55
2006-03-27,4.72,4.69,4.7,4.73,,2.55
2006-03-28,4.81,4.79,4.79,4.8,,2.57
2006-03-29,4.82,4.79,4.81,4.84,,2.55
2006-03-30,4.84,4.83,4.86,4.89,,2.58
2006-03-31,4.82,4.82,4.86,4.9,,2.58
2006-04-01,,,,,4.79,
2006-04-03,4.86,4.85,4.88,4.9,,2.59
2006-04-04,4.84,4.82,4.87,4.91,,2.55
2006-04-05,4.81,4.79,4.84,4.9,,2.56
2006-04-06,4.84,4.84,4.9,4.96,,2.59
2006-04-07,4.89,4.89,4.97,5.04,,2.58
2006-04-10,4.89,4.89,4.97,5.04,,2.6
2006-04-11,4.88,4.86,4.93,5.0,,2.63
2006-04-12,4.91,4.91,4.98,5.05,,2.66
2006-04-13,4.96,4.97,5.05,5.11,,2.66
2006-04-14,,,,,,
2006-04-17,4.91,4.93,5.01,5.08,,2.68
2006-04-18,4.84,4.87,4.99,5.07,,2.69
2006-04-19,4.86,4.91,5.04,5.13,,2.75
2006-04-20,4.89,4.92,5.04,5.14,,2.72
2006-04-21,4.9,4.92,5.01,5.1,,2.73
2006-04-24,4.89,4.9,4.99,5.07,,2.69
2006-04-25,4.95,4.98,5.07,5.16,,2.6
2006-04-26,4.99,5.02,5.12,5.18,,2.63
2006-04-27,4.91,4.95,5.09,5.18,,2.62
2006-04-28,4.87,4.92,5.07,5.17,,2.67
2006-05-01,4.94,4.99,5.14,5.23,4.94,2.72
2006-05-02,4.92,4.98,5.12,5.2,,2.71
2006-05-03,4.94,5.01,5.15,5.24,,2.71
2006-05-04,4.97,5.03,5.16,5.23,,2.69
2006-05-05,4.94,4.99,5.12,5.2,,2.7
2006-05-08,4.97,5.01,5.12,5.19,,2.69
2006-05-09,4.97,5.01,5.13,5.2,,2.72
2006-05-10,5.01,5.03,5.13,5.19,,2.73
2006-05-11,4.99,5.04,5.14,5.23,,2.78
2006-05-12,5.01,5.08,5.19,5.29,,2.78
2006-05-15,4.99,5.04,5.15,5.26,,2.71
2006-05-16,4.96,4.99,5.1,5.22,,2.69
2006-05-17,4.97,5.03,5.16,5.28,,2.71
2006-05-18,4.94,4.96,5.08,5.18,,2.69
2006-05-19,4.96,4.96,5.05,5.14,,2.65
2006-05-22,4.94,4.94,5.04,5.13,,2.63
2006-05-23,4.97,4.98,5.07,5.16,,2.68
2006-05-24,4.94,4.93,5.03,5.13,,2.64
2006-05-25,4.98,4.97,5.07,5.17,,2.64
2006-05-26,4.96,4.95,5.06,5.16,,2.65
2006-05-29,,,,,,
2006-05-30,4.99,4.99,5.09,5.19,,2.67
2006-05-31,5.04,5.04,5.12,5.21,,2.68
2006-06-01,5.04,5.03,5.11,5.2,4.99,2.69
2006-06-02,4.92,4.9,5.0,5.1,,2.66
2006-06-05,4.99,4.95,5.02,5.1,,2.66
2006-06-06,4.99,4.95,5.01,5.08,,2.62
2006-06-07,5.02,4.97,5.02,5.09,,2.59
2006-06-08,5.01,4.95,5.0,5.06,,2.58
2006-06-09,5.01,4.95,4.98,5.03,,2.6
2006-06-12,5.02,4.95,4.99,5.03,,2.58
2006-06-13,5.02,4.93,4.97,5.01,,2.56
2006-06-14,5.11,5.03,5.05,5.09,,2.61
2006-06-15,5.14,5.08,5.1,5.13,,2.64
2006-06-16,5.16,5.1,5.13,5.17,,2.63
2006-06-19,5.19,5.12,5.14,5.18,,2.61
2006-06-20,5.19,5.13,5.15,5.19,,2.61
2006-06-21,5.2,5.14,5.16,5.19,,2.61
2006-06-22,5.23,5.18,5.2,5.23,,2.62
2006-06-23,5.27,5.21,5.23,5.26,,2.63
2006-06-26,5.27,5.22,5.25,5.28,,2.61
2006-06-27,5.24,5.19,5.21,5.24,,2.61
2006-06-28,5.29,5.23,5.25,5.28,,2.59
2006-06-29,5.21,5.17,5.22,5.26,,2.6
2006-06-30,5.16,5.1,5.15,5.19,,2.63
2006-07-01,,,,,5.24,
2006-07-03,5.17,5.11,5.15,5.2,,2.62
2006-07-04,,,,,,
2006-07-05,5.24,5.19,5.23,5.27,,2.62
2006-07-06,5.22,5.15,5.19,5.23,,2.63
2006-07-07,5.17,5.1,5.14,5.18,,2.63
2006-07-10,5.17,5.1,5.13,5.17,,2.61
2006-07-11,5.17,5.07,5.1,5.14,,2.59
2006-07-12,5.17,5.08,5.1,5.14,,2.59
2006-07-13,5.12,5.04,5.08,5.12,,2.58
2006-07-14,5.08,5.02,5.07,5.11,,2.58
2006-07-17,5.12,5.04,5.07,5.1,,2.59
2006-07-18,5.19,5.1,5.13,5.16,,2.58
2006-07-19,5.12,5.02,5.06,5.1,,2.57
2006-07-20,5.06,4.98,5.03,5.08,,2.58
2006-07-21,5.08,4.99,5.05,5.1,,2.57
2006-07-24,5.1,4.99,5.05,5.11,,2.55
2006-07-25,5.11,5.02,5.07,5.13,,2.57
2006-07-26,5.06,4.99,5.04,5.1,,2.58
2006-07-27,5.07,4.98,5.07,5.11,,2.57
2006-07-28,4.98,4.92,5.0,5.07,,2.54
2006-07-31,4.97,4.91,4.99,5.07,,2.54
2006-08-01,4.97,4.9,4.99,5.07,5.25,2.55
2006-08-02,4.97,4.88,4.96,5.05,,2.58
2006-08-03,4.98,4.9,4.96,5.04,,2.59
2006-08-04,4.91,4.84,4.91,5.0,,2.59
2006-08-07,4.96,4.86,4.93,5.0,,2.61
2006-08-08,4.91,4.85,4.93,5.02,,2.62
2006-08-09,4.91,4.86,4.92,5.05,,2.65
2006-08-10,4.93,4.86,4.93,5.06,,2.62
2006-08-11,4.96,4.91,4.97,5.09,,2.64
2006-08-14,5.01,4.95,5.0,5.12,,2.64
2006-08-15,4.94,4.88,4.93,5.05,,2.61
2006-08-16,4.87,4.81,4.87,5.0,,2.56
2006-08-17,4.89,4.82,4.87,5.0,,2.55
2006-08-18,4.87,4.78,4.84,4.97,,2.55
2006-08-21,4.85,4.77,4.82,4.96,,2.55
2006-08-22,4.87,4.77,4.82,4.95,,2.56
2006-08-23,4.87,4.77,4.82,4.95,,2.52
2006-08-24,4.88,4.78,4.81,4.94,,2.49
2006-08-25,4.86,4.76,4.79,4.93,,2.5
2006-08-28,4.88,4.77,4.8,4.94,,2.46
2006-08-29,4.87,4.77,4.79,4.93,,2.47
2006-08-30,4.83,4.72,4.76,4.91,,2.41
2006-08-31,4.79,4.7,4.74,4.88,,2.44
2006-09-01,4.77,4.68,4.73,4.87,5.25,2.4
2006-09-04,,,,,,
2006-09-05,4.8,4.73,4.78,4.93,,2.39
2006-09-06,4.82,4.75,4.8,4.95,,2.41
2006-09-07,4.82,4.74,4.8,4.94,,2.36
2006-09-08,4.8,4.71,4.78,4.92,,2.32
2006-09-11,4.83,4.74,4.8,4.95,,2.31
2006-09-12,4.82,4.71,4.78,4.91,,2.3
2006-09-13,4.8,4.7,4.77,4.9,,2.31
2006-09-14,4.83,4.74,4.79,4.92,,2.35
2006-09-15,4.87,4.76,4.8,4.92,,2.31
2006-09-18,4.88,4.77,4.81,4.93,,2.31
2006-09-19,4.79,4.69,4.74,4.86,,2.27
2006-09-20,4.81,4.7,4.73,4.85,,2.22
2006-09-21,4.71,4.6,4.65,4.78,,2.2
2006-09-22,4.67,4.55,4.6,4.74,,2.2
2006-09-25,4.63,4.51,4.56,4.7,,2.19
2006-09-26,4.68,4.55,4.59,4.71,,2.23
2006-09-27,4.66,4.56,4.6,4.73,,2.24
2006-09-28,4.68,4.57,4.63,4.76,,2.24
2006-09-29,4.71,4.59,4.64,4.77,,2.25
2006-10-01,,,,,5.25,
2006-10-02,4.66,4.56,4.62,4.76,,2.25
2006-10-03,4.67,4.56,4.62,4.76,,2.21
2006-10-04,4.6,4.5,4.57,4.72,,2.17
2006-10-05,4.65,4.55,4.61,4.76,,2.17
2006-10-06,4.74,4.64,4.7,4.84,,2.18
2006-10-09,,,,,,
2006-10-10,4.82,4.71,4.75,4.88,,2.2
2006-10-11,4.85,4.75,4.78,4.91,,2.21
2006-10-12,4.85,4.74,4.79,4.91,,2.2
2006-10-13,4.87,4.77,4.81,4.94,,2.2
2006-10-16,4.85,4.76,4.79,4.92,,2.2
2006-10-17,4.83,4.73,4.78,4.91,,2.17
2006-10-18,4.85,4.74,4.77,4.89,,2.16
2006-10-19,4.85,4.75,4.79,4.91,,2.14
2006-10-20,4.87,4.76,4.79,4.91,,2.15
2006-10-23,4.9,4.8,4.83,4.95,,2.15
2006-10-24,4.91,4.81,4.83,4.95,,2.18
2006-10-25,4.88,4.75,4.78,4.89,,2.2
2006-10-26,4.81,4.69,4.73,4.84,,2.17
2006-10-27,4.76,4.64,4.68,4.8,,2.16
2006-10-30,4.78,4.64,4.68,4.78,,2.13
2006-10-31,4.71,4.57,4.61,4.72,,2.1
2006-11-01,4.66,4.52,4.57,4.68,5.25,2.11
2006-11-02,4.67,4.55,4.6,4.72,,2.11
2006-11-03,4.82,4.7,4.72,4.81,,2.18
2006-11-06,4.82,4.69,4.71,4.79,,2.21
2006-11-07,4.77,4.63,4.66,4.76,,2.19
2006-11-08,4.75,4.61,4.64,4.73,,2.2
2006-11-09,4.75,4.6,4.62,4.73,,2.19
2006-11-10,4.73,4.57,4.59,4.69,,2.2
2006-11-13,4.76,4.6,4.61,4.71,,2.18
2006-11-14,4.74,4.57,4.57,4.66,,2.16
2006-11-15,4.8,4.62,4.61,4.69,,2.17
2006-11-16,4.85,4.67,4.66,4.74,,2.14
2006-11-17,4.76,4.6,4.61,4.69,,2.12
2006-11-20,4.76,4.6,4.6,4.68,,2.13
2006-11-21,4.75,4.58,4.58,4.66,,2.15
2006-11-22,4.74,4.57,4.57,4.65,,2.15
2006-11-23,,,,,,
2006-11-24,4.73,4.55,4.55,4.63,,2.17
2006-11-27,4.71,4.54,4.54,4.62,,2.21
2006-11-28,4.67,4.5,4.51,4.59,,2.22
2006-11-29,4.69,4.51,4.52,4.61,,2.23
2006-11-30,4.62,4.45,4.46,4.56,,2.24
2006-12-01,4.52,4.39,4.43,4.54,5.24,2.27
2006-12-04,4.52,4.39,4.43,4.55,,2.26
2006-12-05,4.52,4.39,4.45,4.57,,2.27
2006-12-06,4.59,4.44,4.48,4.6,,2.27
2006-12-07,4.58,4.45,4.49,4.6,,2.27
2006-12-08,4.68,4.53,4.56,4.66,,2.28
2006-12-11,4.67,4.5,4.52,4.63,,2.29
2006-12-12,4.61,4.45,4.49,4.6,,2.27
2006-12-13,4.7,4.54,4.58,4.69,,2.28
2006-12-14,4.73,4.58,4.6,4.72,,2.32
2006-12-15,4.73,4.57,4.6,4.72,,2.25
2006-12-18,4.71,4.57,4.6,4.72,,2.22
2006-12-19,4.71,4.57,4.6,4.73,,2.23
2006-12-20,4.71,4.57,4.6,4.73,,2.22
2006-12-21,4.66,4.52,4.55,4.7,,2.19
2006-12-22,4.71,4.59,4.63,4.76,,2.21
2006-12-25,,,,,,
2006-12-26,4.71,4.58,4.61,4.73,,2.21
2006-12-27,4.77,4.64,4.66,4.78,,2.2
2006-12-28,4.82,4.69,4.7,4.81,,2.23
2006-12-29,4.82,4.7,4.71,4.81,,2.26
2007-01-01,,,,,5.25,
2007-01-02,4.8,4.68,4.68,4.79,,2.27
2007-01-03,4.76,4.66,4.67,4.77,,2.27
2007-01-04,4.71,4.61,4.62,4.72,,2.22
2007-01-05,4.76,4.65,4.65,4.74,,2.24
2007-01-08,4.78,4.66,4.66,4.74,,2.24
2007-01-09,4.79,4.65,4.66,4.74,,2.22
2007-01-10,4.81,4.68,4.69,4.77,,2.22
2007-01-11,4.86,4.73,4.74,4.82,,2.23
2007-01-12,4.88,4.76,4.77,4.86,,2.23
2007-01-15,,,,,,
2007-01-16,4.86,4.74,4.75,4.85,,2.22
2007-01-17,4.91,4.78,4.79,4.88,,2.24
2007-01-18,4.89,4.75,4.75,4.85,,2.23
2007-01-19,4.93,4.78,4.78,4.87,,2.25
2007-01-22,4.91,4.77,4.76,4.84,,2.29
2007-01-23,4.94,4.81,4.81,4.9,,2.31
2007-01-24,4.93,4.81,4.81,4.91,,2.34
2007-01-25,4.98,4.85,4.87,4.96,,2.33
2007-01-26,4.99,4.87,4.88,4.98,,2.36
2007-01-29,4.99,4.89,4.9,4.99,,2.37
2007-01-30,4.98,4.86,4.88,4.98,,2.39
2007-01-31,4.94,4.82,4.83,4.93,,2.42
2007-02-01,4.96,4.84,4.84,4.93,5.26,2.41
2007-02-02,4.94,4.82,4.83,4.93,,2.42
2007-02-05,4.92,4.8,4.81,4.91,,2.4
2007-02-06,4.9,4.76,4.77,4.87,,2.38
2007-02-07,4.87,4.74,4.74,4.86,,2.36
2007-02-08,4.87,4.73,4.73,4.81,,2.36
2007-02-09,4.92,4.78,4.79,4.87,,2.37
2007-02-12,4.94,4.8,4.8,4.88,,2.34
2007-02-13,4.95,4.81,4.82,4.9,,2.36
2007-02-14,4.87,4.72,4.74,4.83,,2.34
2007-02-15,4.83,4.68,4.7,4.81,,2.3
2007-02-16,4.83,4.68,4.69,4.79,,2.32
2007-02-19,,,,,,
2007-02-20,4.81,4.67,4.68,4.78,,2.32
2007-02-21,4.82,4.68,4.69,4.79,,2.34
2007-02-22,4.87,4.72,4.73,4.83,,2.39
2007-02-23,4.82,4.67,4.68,4.79,,2.41
2007-02-26,4.77,4.62,4.63,4.73,,2.41
2007-02-27,4.59,4.46,4.5,4.62,,2.39
2007-02-28,4.65,4.52,4.56,4.68,,2.4
2007-03-01,4.63,4.5,4.56,4.68,5.26,2.39
2007-03-02,4.56,4.46,4.52,4.65,,2.4
2007-03-05,4.53,4.45,4.51,4.64,,2.39
2007-03-06,4.58,4.48,4.53,4.66,,2.4
2007-03-07,4.54,4.45,4.5,4.64,,2.4
2007-03-08,4.56,4.45,4.51,4.65,,2.39
2007-03-09,4.66,4.55,4.59,4.72,,2.42
2007-03-12,4.62,4.5,4.56,4.69,,2.4
2007-03-13,4.52,4.41,4.5,4.66,,2.4
2007-03-14,4.54,4.44,4.53,4.69,,2.41
2007-03-15,4.57,4.46,4.54,4.69,,2.42
2007-03-16,4.58,4.47,4.55,4.7,,2.44
2007-03-19,4.61,4.5,4.58,4.72,,2.46
2007-03-20,4.6,4.47,4.56,4.71,,2.45
2007-03-21,4.51,4.43,4.53,4.7,,2.44
2007-03-22,4.58,4.49,4.6,4.78,,2.47
2007-03-23,4.6,4.52,4.62,4.8,,2.49
2007-03-26,4.56,4.48,4.6,4.79,,2.48
2007-03-27,4.58,4.5,4.62,4.81,,2.51
2007-03-28,4.53,4.5,4.62,4.83,,2.52
2007-03-29,4.58,4.53,4.64,4.83,,2.53
2007-03-30,4.58,4.54,4.65,4.84,,2.51
2007-04-01,,,,,5.25,
2007-04-02,4.6,4.54,4.65,4.84,,2.5
2007-04-03,4.63,4.56,4.67,4.85,,2.47
2007-04-04,4.61,4.55,4.66,4.85,,2.49
2007-04-05,4.63,4.57,4.68,4.87,,2.51
2007-04-06,4.75,4.67,4.76,4.92,,2.55
2007-04-09,4.73,4.66,4.75,4.92,,2.52
2007-04-10,4.71,4.63,4.73,4.91,,2.51
2007-04-11,4.73,4.66,4.74,4.92,,2.52
2007-04-12,4.73,4.66,4.74,4.91,,2.52
2007-04-13,4.76,4.68,4.76,4.93,,2.5
2007-04-16,4.74,4.67,4.74,4.89,,2.49
2007-04-17,4.68,4.61,4.69,4.85,,2.44
2007-04-18,4.64,4.56,4.66,4.81,,2.41
2007-04-19,4.64,4.57,4.68,4.84,,2.44
2007-04-20,4.64,4.57,4.68,4.85,,2.44
2007-04-23,4.62,4.55,4.66,4.83,,2.46
2007-04-24,4.58,4.51,4.63,4.8,,2.42
2007-04-25,4.63,4.55,4.66,4.83,,2.45
2007-04-26,4.67,4.59,4.69,4.87,,2.46
2007-04-27,4.67,4.59,4.71,4.89,,2.47
2007-04-30,4.6,4.51,4.63,4.81,,2.45
2007-05-01,4.63,4.54,4.64,4.81,5.25,2.47
2007-05-02,4.65,4.55,4.65,4.82,,2.47
2007-05-03,4.71,4.59,4.68,4.84,,2.45
2007-05-04,4.68,4.55,4.65,4.8,,2.42
2007-05-07,4.68,4.55,4.64,4.79,,2.37
2007-05-08,4.68,4.54,4.63,4.8,,2.38
2007-05-09,4.73,4.58,4.67,4.83,,2.38
2007-05-10,4.7,4.56,4.65,4.83,,2.41
2007-05-11,4.71,4.58,4.67,4.85,,2.38
2007-05-14,4.73,4.61,4.69,4.86,,2.41
2007-05-15,4.75,4.63,4.71,4.88,,2.35
2007-05-16,4.73,4.62,4.71,4.88,,2.34
2007-05-17,4.78,4.68,4.76,4.91,,2.36
2007-05-18,4.82,4.74,4.81,4.96,,2.37
2007-05-21,4.81,4.71,4.79,4.94,,2.35
2007-05-22,4.83,4.76,4.83,4.98,,2.34
2007-05-23,4.85,4.79,4.86,5.01,,2.35
2007-05-24,4.85,4.79,4.86,5.0,,2.36
2007-05-25,4.85,4.8,4.86,5.01,,2.37
2007-05-28,,,,,,
2007-05-29,4.88,4.82,4.88,5.01,,2.32
2007-05-30,4.89,4.83,4.88,5.01,,2.33
2007-05-31,4.92,4.86,4.9,5.01,,2.33
2007-06-01,4.97,4.92,4.95,5.06,5.25,2.34
2007-06-04,4.97,4.91,4.93,5.02,,2.36
2007-06-05,4.99,4.96,4.98,5.07,,2.35
2007-06-06,4.97,4.94,4.97,5.08,,2.37
2007-06-07,5.03,5.05,5.11,5.2,,2.38
2007-06-08,5.01,5.06,5.12,5.22,,2.38
2007-06-11,5.01,5.07,5.14,5.24,,2.38
2007-06-12,5.08,5.18,5.26,5.35,,2.39
2007-06-13,5.08,5.13,5.2,5.28,,2.39
2007-06-14,5.1,5.16,5.23,5.3,,2.42
2007-06-15,5.05,5.1,5.16,5.26,,2.42
2007-06-18,5.01,5.07,5.15,5.26,,2.39
2007-06-19,4.94,5.0,5.09,5.2,,2.38
2007-06-20,4.97,5.05,5.14,5.24,,2.37
2007-06-21,4.98,5.06,5.16,5.28,,2.37
2007-06-22,4.92,5.02,5.14,5.25,,2.39
2007-06-25,4.87,4.97,5.09,5.2,,2.37
2007-06-26,4.9,4.99,5.1,5.22,,2.35
2007-06-27,4.91,4.97,5.09,5.2,,2.33
2007-06-28,4.96,5.02,5.12,5.22,,2.36
2007-06-29,4.87,4.92,5.03,5.12,,2.33
2007-07-01,,,,,5.26,
2007-07-02,4.86,4.9,5.0,5.09,,2.34
2007-07-03,4.89,4.95,5.05,5.14,,2.34
2007-07-04,,,,,,
2007-07-05,4.99,5.05,5.16,5.24,,2.36
2007-07-06,4.99,5.1,5.19,5.28,,2.38
2007-07-09,4.97,5.07,5.16,5.25,,2.39
2007-07-10,4.85,4.93,5.03,5.14,,2.36
2007-07-11,4.89,4.98,5.09,5.18,,2.35
2007-07-12,4.94,5.03,5.13,5.22,,2.36
2007-07-13,4.94,5.01,5.11,5.19,,2.34
2007-07-16,4.89,4.95,5.05,5.14,,2.29
2007-07-17,4.91,4.98,5.08,5.16,,2.27
2007-07-18,4.84,4.91,5.02,5.1,,2.3
2007-07-19,4.87,4.94,5.04,5.12,,2.31
2007-07-20,4.79,4.85,4.96,5.07,,2.28
2007-07-23,4.8,4.86,4.97,5.07,,2.24
2007-07-24,4.77,4.82,4.94,5.05,,2.24
2007-07-25,4.74,4.8,4.92,5.04,,2.25
2007-07-26,4.56,4.61,4.79,4.95,,2.18
2007-07-27,4.56,4.6,4.8,4.95,,2.15
2007-07-30,4.59,4.64,4.82,4.97,,2.17
2007-07-31,4.56,4.6,4.78,4.92,,2.17
2007-08-01,4.56,4.6,4.76,4.9,5.02,2.17
2007-08-02,4.59,4.62,4.77,4.91,,2.15
2007-08-03,4.46,4.52,4.71,4.87,,2.11
2007-08-06,4.46,4.52,4.72,4.89,,2.08
2007-08-07,4.56,4.6,4.77,4.92,,2.09
2007-08-08,4.64,4.69,4.84,5.01,,2.11
2007-08-09,4.49,4.58,4.79,5.02,,2.08
2007-08-10,4.47,4.59,4.81,5.03,,2.07
2007-08-13,4.46,4.57,4.78,5.01,,2.07
2007-08-14,4.39,4.51,4.73,4.99,,2.07
2007-08-15,4.27,4.41,4.69,5.0,,2.04
2007-08-16,4.08,4.26,4.6,4.92,,1.99
2007-08-17,4.18,4.35,4.68,5.0,,2.03
2007-08-20,4.11,4.32,4.64,4.98,,1.99
2007-08-21,4.05,4.27,4.6,4.95,,1.99
2007-08-22,4.15,4.34,4.63,4.96,,2.01
2007-08-23,4.2,4.36,4.62,4.93,,2.03
2007-08-24,4.3,4.42,4.63,4.88,,2.03
2007-08-27,4.28,4.39,4.6,4.87,,2.03
2007-08-28,4.13,4.25,4.53,4.86,,1.96
2007-08-29,4.14,4.31,4.57,4.88,,1.99
2007-08-30,4.08,4.21,4.51,4.83,,1.95
2007-08-31,4.15,4.25,4.54,4.83,,1.97
2007-09-01,,,,,4.94,
2007-09-03,,,,,,
2007-09-04,4.13,4.26,4.56,4.84,,1.97
2007-09-05,4.03,4.16,4.48,4.78,,1.97
2007-09-06,4.08,4.2,4.51,4.79,,1.97
2007-09-07,3.9,4.03,4.38,4.7,,1.96
2007-09-10,3.87,4.0,4.34,4.65,,1.98
2007-09-11,3.95,4.07,4.37,4.65,,2.01
2007-09-12,3.95,4.11,4.41,4.68,,2.04
2007-09-13,4.08,4.22,4.49,4.75,,2.07
2007-09-14,4.05,4.18,4.47,4.72,,2.07
2007-09-17,4.08,4.21,4.48,4.72,,2.08
2007-09-18,4.0,4.19,4.5,4.77,,2.1
2007-09-19,4.0,4.2,4.53,4.83,,2.12
2007-09-20,4.1,4.35,4.69,4.96,,2.13
2007-09-21,4.06,4.31,4.64,4.89,,2.13
2007-09-24,4.05,4.31,4.63,4.88,,2.1
2007-09-25,4.0,4.26,4.63,4.89,,2.07
2007-09-26,3.97,4.27,4.63,4.9,,2.08
2007-09-27,3.95,4.22,4.58,4.84,,2.11
2007-09-28,3.97,4.23,4.59,4.83,,2.11
2007-10-01,4.02,4.24,4.56,4.79,4.76,2.13
2007-10-02,3.98,4.2,4.54,4.77,,2.12
2007-10-03,4.02,4.24,4.55,4.79,,2.13
2007-10-04,4.0,4.22,4.54,4.77,,2.13
2007-10-05,4.08,4.33,4.65,4.87,,2.14
2007-10-08,,,,,,
2007-10-09,4.15,4.38,4.67,4.87,,2.18
2007-10-10,4.15,4.37,4.65,4.86,,2.18
2007-10-11,4.13,4.36,4.66,4.87,,2.19
2007-10-12,4.23,4.42,4.7,4.91,,2.2
2007-10-15,4.22,4.4,4.69,4.91,,2.22
2007-10-16,4.12,4.34,4.66,4.9,,2.23
2007-10-17,4.0,4.22,4.57,4.82,,2.21
2007-10-18,3.93,4.17,4.52,4.78,,2.21
2007-10-19,3.8,4.03,4.41,4.68,,2.19
2007-10-22,3.85,4.08,4.42,4.68,,2.2
2007-10-23,3.81,4.06,4.41,4.69,,2.17
2007-10-24,3.74,3.99,4.36,4.64,,2.16
2007-10-25,3.74,4.01,4.37,4.66,,2.22
2007-10-26,3.77,4.04,4.41,4.68,,2.24
2007-10-29,3.79,4.04,4.39,4.66,,2.25
2007-10-30,3.82,4.06,4.4,4.68,,2.25
2007-10-31,3.94,4.16,4.48,4.74,,2.26
2007-11-01,3.77,4.02,4.36,4.64,4.49,2.28
2007-11-02,3.66,3.93,4.31,4.61,,2.31
2007-11-05,3.69,3.96,4.35,4.63,,2.35
2007-11-06,3.7,3.99,4.38,4.66,,2.4
2007-11-07,3.61,3.92,4.34,4.67,,2.38
2007-11-08,3.47,3.81,4.28,4.67,,2.34
2007-11-09,3.42,3.77,4.23,4.61,,2.37
2007-11-12,,,,,,
2007-11-13,3.54,3.84,4.26,4.61,,2.38
2007-11-14,3.57,3.86,4.28,4.61,,2.36
2007-11-15,3.35,3.71,4.17,4.54,,2.32
2007-11-16,3.33,3.68,4.15,4.52,,2.31
2007-11-19,3.18,3.57,4.07,4.47,,2.31
2007-11-20,3.14,3.52,4.06,4.49,,2.32
2007-11-21,2.99,3.4,4.0,4.46,,2.29
2007-11-22,,,,,,
2007-11-23,3.07,3.42,4.01,4.43,,2.28
2007-11-26,2.92,3.23,3.83,4.26,,2.27
2007-11-27,3.05,3.38,3.95,4.36,,2.27
2007-11-28,3.17,3.5,4.03,4.41,,2.25
2007-11-29,3.06,3.42,3.94,4.35,,2.26
2007-11-30,3.04,3.41,3.97,4.4,,2.24
2007-12-01,,,,,4.24,
2007-12-03,2.9,3.28,3.89,4.34,,2.2
2007-12-04,2.9,3.28,3.89,4.34,,2.17
2007-12-05,2.9,3.28,3.92,4.39,,2.13
2007-12-06,3.03,3.39,4.02,4.49,,2.14
2007-12-07,3.12,3.51,4.12,4.58,,2.14
2007-12-10,3.17,3.54,4.15,4.6,,2.14
2007-12-11,2.94,3.32,3.98,4.47,,2.1
2007-12-12,3.07,3.41,4.05,4.51,,2.15
2007-12-13,3.21,3.54,4.18,4.61,,2.19
2007-12-14,3.31,3.63,4.24,4.66,,2.24
2007-12-17,3.24,3.57,4.2,4.62,,2.25
2007-12-18,3.19,3.53,4.14,4.55,,2.26
2007-12-19,3.12,3.46,4.06,4.47,,2.25
2007-12-20,3.09,3.45,4.04,4.46,,2.23
2007-12-21,3.19,3.58,4.18,4.58,,2.26
2007-12-24,3.24,3.65,4.23,4.62,,2.28
2007-12-25,,,,,,
2007-12-26,3.31,3.72,4.3,4.68,,2.29
2007-12-27,3.24,3.64,4.21,4.61,,2.33
2007-12-28,3.12,3.52,4.11,4.51,,2.29
2007-12-31,3.05,3.45,4.04,4.45,,2.27
2008-01-01,,,,,3.94,
2008-01-02,2.88,3.28,3.91,4.35,,2.28
2008-01-03,2.83,3.26,3.91,4.37,,2.28
2008-01-04,2.74,3.18,3.88,4.36,,2.25
2008-01-07,2.76,3.16,3.86,4.34,,2.22
2008-01-08,2.76,3.16,3.86,4.35,,2.21
2008-01-09,2.69,3.1,3.82,4.32,,2.16
2008-01-10,2.71,3.16,3.91,4.44,,2.12
2008-01-11,2.59,3.06,3.82,4.39,,2.15
2008-01-14,2.58,3.08,3.81,4.37,,2.19
2008-01-15,2.53,3.0,3.72,4.28,,2.16
2008-01-16,2.51,3.0,3.74,4.32,,2.11
2008-01-17,2.44,2.9,3.66,4.25,,2.06
2008-01-18,2.36,2.86,3.66,4.28,,2.04
2008-01-21,,,,,,
2008-01-22,2.08,2.64,3.52,4.23,,1.97
2008-01-23,2.09,2.64,3.51,4.23,,1.92
2008-01-24,2.25,2.85,3.68,4.36,,1.99
2008-01-25,2.23,2.81,3.61,4.28,,2.05
2008-01-28,2.2,2.8,3.61,4.29,,2.05
2008-01-29,2.29,2.87,3.69,4.34,,2.1
2008-01-30,2.3,2.96,3.78,4.44,,2.12
2008-01-31,2.17,2.82,3.67,4.35,,2.15
2008-02-01,2.09,2.75,3.62,4.32,2.98,2.09
2008-02-04,2.08,2.78,3.68,4.37,,2.04
2008-02-05,1.93,2.66,3.61,4.33,,1.98
2008-02-06,1.96,2.67,3.61,4.37,,1.96
2008-02-07,1.99,2.79,3.74,4.51,,1.99
2008-02-08,1.93,2.69,3.64,4.43,,2.02
2008-02-11,1.93,2.67,3.62,4.41,,2.05
2008-02-12,1.94,2.71,3.66,4.46,,2.06
2008-02-13,1.91,2.71,3.7,4.52,,2.03
2008-02-14,1.93,2.81,3.85,4.67,,2.03
2008-02-15,1.91,2.76,3.76,4.58,,2.08
2008-02-18,,,,,,
2008-02-19,2.06,2.93,3.89,4.66,,2.15
2008-02-20,2.14,3.02,3.93,4.65,,2.25
2008-02-21,1.98,2.8,3.77,4.54,,2.17
2008-02-22,1.98,2.81,3.79,4.58,,2.17
2008-02-25,2.13,2.98,3.91,4.67,,2.27
2008-02-26,2.04,2.92,3.88,4.66,,2.32
2008-02-27,2.01,2.89,3.85,4.65,,2.32
2008-02-28,1.87,2.73,3.71,4.55,,2.34
2008-02-29,1.65,2.5,3.53,4.41,,2.3
2008-03-01,,,,,2.61,
2008-03-03,1.61,2.48,3.54,4.42,,2.29
2008-03-04,1.65,2.53,3.63,4.52,,2.33
2008-03-05,1.66,2.59,3.7,4.6,,2.36
2008-03-06,1.53,2.5,3.62,4.57,,2.37
2008-03-07,1.53,2.45,3.56,4.55,,2.37
2008-03-10,1.47,2.37,3.46,4.45,,2.36
2008-03-11,1.74,2.61,3.6,4.53,,2.41
2008-03-12,1.63,2.49,3.49,4.4,,2.37
2008-03-13,1.63,2.53,3.56,4.47,,2.38
2008-03-14,1.47,2.37,3.44,4.35,,2.25
2008-03-17,1.35,2.23,3.34,4.29,,2.1
2008-03-18,1.58,2.42,3.48,4.35,,2.21
2008-03-19,1.54,2.36,3.38,4.22,,2.14
2008-03-20,1.59,2.36,3.34,4.17,,2.14
2008-03-21,,,,,,
2008-03-24,1.84,2.64,3.56,4.33,,2.17
2008-03-25,1.79,2.61,3.51,4.3,,2.13
2008-03-26,1.71,2.55,3.51,4.33,,2.13
2008-03-27,1.73,2.61,3.56,4.38,,2.21
2008-03-28,1.67,2.51,3.47,4.33,,2.21
2008-03-31,1.62,2.46,3.45,4.3,,2.19
2008-04-01,1.8,2.65,3.57,4.4,2.28,2.21
2008-04-02,1.88,2.72,3.6,4.38,,2.21
2008-04-03,1.91,2.75,3.61,4.4,,2.21
2008-04-04,1.83,2.63,3.5,4.32,,2.18
2008-04-07,1.95,2.75,3.57,4.36,,2.23
2008-04-08,1.87,2.72,3.58,4.37,,2.19
2008-04-09,1.77,2.59,3.49,4.31,,2.17
2008-04-10,1.84,2.66,3.55,4.34,,2.19
2008-04-11,1.76,2.57,3.49,4.3,,2.17
2008-04-14,1.78,2.6,3.53,4.35,,2.17
2008-04-15,1.84,2.68,3.6,4.42,,2.2
2008-04-16,1.98,2.82,3.72,4.54,,2.22
2008-04-17,2.13,2.9,3.75,4.54,,2.22
2008-04-18,2.19,2.95,3.77,4.51,,2.24
2008-04-21,2.2,2.95,3.75,4.48,,2.25
2008-04-22,2.24,2.96,3.74,4.46,,2.24
2008-04-23,2.22,2.98,3.77,4.49,,2.25
2008-04-24,2.41,3.15,3.87,4.56,,2.26
2008-04-25,2.44,3.2,3.91,4.61,,2.31
2008-04-28,2.36,3.14,3.86,4.57,,2.3
2008-04-29,2.35,3.11,3.85,4.55,,2.29
2008-04-30,2.29,3.03,3.77,4.49,,2.26
2008-05-01,2.37,3.06,3.78,4.49,1.98,2.27
2008-05-02,2.47,3.18,3.89,4.57,,2.32
2008-05-05,2.42,3.14,3.88,4.58,,2.29
2008-05-06,2.38,3.15,3.93,4.64,,2.31
2008-05-07,2.31,3.09,3.87,4.61,,2.29
2008-05-08,2.25,2.99,3.79,4.5,,2.3
2008-05-09,2.25,2.98,3.77,4.53,,2.32
2008-05-12,2.3,3.0,3.78,4.53,,2.3
2008-05-13,2.47,3.17,3.9,4.62,,2.32
2008-05-14,2.53,3.22,3.92,4.63,,2.36
2008-05-15,2.45,3.1,3.83,4.56,,2.35
2008-05-16,2.47,3.12,3.85,4.58,,2.37
2008-05-19,2.42,3.09,3.83,4.56,,2.4
2008-05-20,2.34,3.02,3.78,4.53,,2.42
2008-05-21,2.41,3.09,3.81,4.55,,2.47
2008-05-22,2.56,3.24,3.92,4.63,,2.47
2008-05-23,2.46,3.15,3.85,4.57,,2.42
2008-05-26,,,,,,
2008-05-27,2.55,3.25,3.93,4.65,,2.4
2008-05-28,2.62,3.36,4.03,4.71,,2.39
2008-05-29,2.67,3.41,4.08,4.76,,2.4
2008-05-30,2.66,3.41,4.06,4.72,,2.4
2008-06-01,,,,,2.0,
2008-06-02,2.51,3.28,3.98,4.68,,2.4
2008-06-03,2.45,3.21,3.92,4.63,,2.36
2008-06-04,2.47,3.26,3.98,4.71,,2.32
2008-06-05,2.52,3.34,4.06,4.75,,2.37
2008-06-06,2.4,3.2,3.94,4.65,,2.45
2008-06-09,2.73,3.41,4.02,4.64,,2.48
2008-06-10,2.91,3.54,4.11,4.7,,2.48
2008-06-11,2.83,3.49,4.1,4.72,,2.51
2008-06-12,3.03,3.68,4.23,4.77,,2.54
2008-06-13,3.05,3.73,4.27,4.79,,2.56
2008-06-16,3.02,3.73,4.25,4.77,,2.58
2008-06-17,2.94,3.66,4.23,4.78,,2.55
2008-06-18,2.89,3.57,4.16,4.72,,2.57
2008-06-19,2.99,3.67,4.22,4.76,,2.55
2008-06-20,2.88,3.57,4.16,4.71,,2.53
2008-06-23,2.98,3.65,4.19,4.71,,2.56
2008-06-24,2.87,3.52,4.1,4.65,,2.57
2008-06-25,2.82,3.54,4.12,4.65,,2.57
2008-06-26,2.68,3.44,4.07,4.62,,2.64
2008-06-27,2.65,3.36,3.99,4.53,,2.62
2008-06-30,2.63,3.34,3.99,4.53,,2.63
2008-07-01,2.63,3.33,4.01,4.55,2.01,2.66
2008-07-02,2.6,3.31,3.99,4.51,,2.7
2008-07-03,2.54,3.28,3.99,4.53,,2.72
2008-07-04,,,,,,
2008-07-07,2.47,3.23,3.95,4.51,,2.63
2008-07-08,2.47,3.19,3.91,4.46,,2.52
2008-07-09,2.41,3.11,3.85,4.42,,2.54
2008-07-10,2.44,3.1,3.83,4.42,,2.57
2008-07-11,2.59,3.27,3.96,4.52,,2.6
2008-07-14,2.47,3.2,3.9,4.47,,2.58
2008-07-15,2.39,3.12,3.87,4.48,,2.55
2008-07-16,2.44,3.2,3.97,4.59,,2.56
2008-07-17,2.58,3.35,4.07,4.65,,2.54
2008-07-18,2.66,3.42,4.11,4.66,,2.5
2008-07-21,2.66,3.41,4.09,4.64,,2.47
2008-07-22,2.74,3.48,4.14,4.67,,2.42
2008-07-23,2.81,3.51,4.16,4.69,,2.29
2008-07-24,2.61,3.37,4.03,4.6,,2.28
2008-07-25,2.7,3.45,4.13,4.69,,2.24
2008-07-28,2.59,3.34,4.06,4.63,,2.25
2008-07-29,2.65,3.39,4.09,4.64,,2.18
2008-07-30,2.64,3.36,4.07,4.64,,2.22
2008-07-31,2.52,3.25,3.99,4.59,,2.16
2008-08-01,2.51,3.23,3.97,4.57,2.0,2.17
2008-08-04,2.53,3.23,3.98,4.58,,2.14
2008-08-05,2.54,3.28,4.04,4.63,,2.1
2008-08-06,2.56,3.3,4.06,4.68,,2.08
2008-08-07,2.43,3.16,3.92,4.56,,2.09
2008-08-08,2.51,3.21,3.94,4.55,,2.04
2008-08-11,2.56,3.27,3.99,4.61,,2.01
2008-08-12,2.45,3.16,3.91,4.55,,1.99
2008-08-13,2.5,3.21,3.94,4.57,,2.01
2008-08-14,2.45,3.15,3.89,4.52,,2.02
2008-08-15,2.4,3.11,3.84,4.47,,1.95
2008-08-18,2.35,3.07,3.82,4.44,,1.92
2008-08-19,2.32,3.07,3.83,4.47,,1.92
2008-08-20,2.25,3.0,3.79,4.43,,1.94
2008-08-21,2.33,3.08,3.84,4.46,,2.02
2008-08-22,2.42,3.14,3.87,4.46,,1.94
2008-08-25,2.33,3.04,3.79,4.4,,1.88
2008-08-26,2.35,3.06,3.79,4.4,,1.9
2008-08-27,2.31,3.02,3.77,4.38,,1.92
2008-08-28,2.37,3.09,3.79,4.38,,1.94
2008-08-29,2.36,3.1,3.83,4.43,,1.89
2008-09-01,,,,,1.81,
2008-09-02,2.26,3.0,3.74,4.36,,1.72
2008-09-03,2.26,2.95,3.71,4.32,,1.66
2008-09-04,2.2,2.87,3.64,4.27,,1.59
2008-09-05,2.23,2.91,3.66,4.27,,1.6
2008-09-08,2.3,2.96,3.66,4.26,,1.62
2008-09-09,2.23,2.9,3.62,4.2,,1.52
2008-09-10,2.22,2.91,3.65,4.23,,1.52
2008-09-11,2.18,2.87,3.64,4.2,,1.51
2008-09-12,2.23,2.97,3.74,4.32,,1.5
2008-09-15,1.78,2.59,3.47,4.12,,1.23
2008-09-16,1.89,2.64,3.48,4.08,,1.03
2008-09-17,1.64,2.52,3.41,4.08,,1.04
2008-09-18,1.78,2.67,3.54,4.14,,1.02
2008-09-19,2.16,3.01,3.78,4.36,,1.37
2008-09-22,2.13,3.04,3.83,4.41,,1.44
2008-09-23,2.11,3.03,3.85,4.43,,1.25
2008-09-24,2.03,2.91,3.8,4.4,,1.09
2008-09-25,2.16,3.09,3.88,4.4,,1.18
2008-09-26,2.11,3.05,3.85,4.36,,1.15
2008-09-29,1.7,2.7,3.61,4.13,,0.94
2008-09-30,2.0,2.98,3.85,4.31,,0.97
2008-10-01,1.82,2.87,3.77,4.22,0.97,0.95
2008-10-02,1.62,2.68,3.66,4.16,,0.93
2008-10-03,1.6,2.64,3.63,4.11,,0.96
2008-10-06,1.43,2.45,3.48,3.99,,0.75
2008-10-07,1.47,2.45,3.5,4.01,,0.62
2008-10-08,1.65,2.7,3.72,4.09,,0.43
2008-10-09,1.65,2.79,3.84,4.14,,0.47
2008-10-10,1.62,2.77,3.89,4.15,,0.2
2008-10-13,,,,,,
2008-10-14,1.82,3.01,4.08,4.27,,0.24
2008-10-15,1.64,2.9,4.04,4.25,,0.14
2008-10-16,1.61,2.84,3.99,4.25,,-0.04
2008-10-17,1.64,2.83,3.98,4.32,,0.04
2008-10-20,1.71,2.82,3.91,4.26,,0.09
2008-10-21,1.58,2.63,3.76,4.2,,-0.12
2008-10-22,1.53,2.56,3.65,4.07,,-0.24
2008-10-23,1.54,2.57,3.63,3.99,,-0.39
2008-10-24,1.57,2.64,3.76,4.11,,-0.8
2008-10-27,1.59,2.67,3.79,4.12,,-1.07
2008-10-28,1.65,2.75,3.89,4.19,,-1.04
2008-10-29,1.58,2.77,3.93,4.26,,-0.96
2008-10-30,1.59,2.84,4.0,4.3,,-0.81
2008-10-31,1.56,2.8,4.01,4.35,,-0.96
2008-11-01,,,,,0.39,
2008-11-03,1.45,2.71,3.96,4.33,,-0.95
2008-11-04,1.39,2.56,3.81,4.2,,-0.89
2008-11-05,1.36,2.5,3.73,4.13,,-0.9
2008-11-06,1.28,2.46,3.75,4.19,,-1.02
2008-11-07,1.33,2.56,3.83,4.25,,-1.0
2008-11-10,1.27,2.51,3.82,4.21,,-1.01
2008-11-11,,,,,,
2008-11-12,1.19,2.37,3.75,4.17,,-1.09
2008-11-13,1.24,2.43,3.84,4.34,,-1.07
2008-11-14,1.22,2.33,3.72,4.22,,-1.1
2008-11-17,1.22,2.32,3.68,4.2,,-1.12
2008-11-18,1.15,2.22,3.53,4.14,,-1.29
2008-11-19,1.09,2.08,3.38,3.96,,-1.53
2008-11-20,1.0,1.94,3.1,3.64,,-1.79
2008-11-21,1.09,2.02,3.2,3.7,,-1.94
2008-11-24,1.31,2.24,3.35,3.78,,-1.95
2008-11-25,1.15,2.06,3.11,3.63,,-2.06
2008-11-26,1.09,2.01,2.99,3.54,,-2.23
2008-11-27,,,,,,
2008-11-28,1.0,1.93,2.93,3.45,,-2.24
2008-12-01,0.9,1.71,2.72,3.22,0.16,-0.32
2008-12-02,0.9,1.65,2.68,3.18,,-0.08
2008-12-03,0.87,1.6,2.67,3.17,,0.03
2008-12-04,0.82,1.51,2.55,3.06,,0.04
2008-12-05,0.93,1.67,2.67,3.11,,-0.12
2008-12-08,0.97,1.76,2.77,3.16,,-0.28
2008-12-09,0.84,1.61,2.67,3.06,,-0.33
2008-12-10,0.86,1.62,2.69,3.09,,-0.36
2008-12-11,0.79,1.55,2.64,3.07,,-0.35
2008-12-12,0.78,1.55,2.6,3.07,,-0.38
2008-12-15,0.75,1.5,2.53,2.98,,-0.59
2008-12-16,0.65,1.34,2.37,2.86,,-0.3
2008-12-17,0.73,1.35,2.2,2.66,,0.09
2008-12-18,0.68,1.26,2.08,2.53,,-0.11
2008-12-19,0.74,1.35,2.13,2.55,,-0.31
2008-12-22,0.87,1.4,2.16,2.6,,-0.37
2008-12-23,0.9,1.53,2.18,2.63,,-0.27
2008-12-24,0.9,1.54,2.2,2.63,,-0.27
2008-12-25,,,,,,
2008-12-26,0.89,1.51,2.16,2.61,,-0.28
2008-12-29,0.78,1.45,2.13,2.63,,-0.21
2008-12-30,0.75,1.47,2.11,2.58,,-0.25
2008-12-31,0.76,1.55,2.25,2.69,,-0.26
2009-01-01,,,,,0.15,
2009-01-02,0.88,1.72,2.46,2.83,,-0.25
2009-01-05,0.78,1.67,2.49,3.0,,-0.19
2009-01-06,0.8,1.68,2.51,3.04,,-0.14
2009-01-07,0.82,1.66,2.52,3.05,,-0.09
2009-01-08,0.83,1.6,2.47,3.04,,-0.08
2009-01-09,0.75,1.51,2.43,3.04,,-0.09
2009-01-12,0.74,1.45,2.34,2.99,,-0.1
2009-01-13,0.76,1.44,2.33,3.0,,-0.03
2009-01-14,0.73,1.36,2.24,2.89,,-0.13
2009-01-15,0.73,1.36,2.23,2.86,,-0.1
2009-01-16,0.73,1.47,2.36,2.89,,0.0
2009-01-19,,,,,,
2009-01-20,0.73,1.48,2.4,2.97,,0.03
2009-01-21,0.78,1.6,2.56,3.15,,0.04
2009-01-22,0.75,1.61,2.62,3.25,,0.09
2009-01-23,0.83,1.64,2.65,3.32,,0.09
2009-01-26,0.85,1.67,2.7,3.39,,0.1
2009-01-27,0.87,1.59,2.59,3.26,,0.15
2009-01-28,0.89,1.7,2.71,3.44,,0.25
2009-01-29,0.95,1.87,2.87,3.57,,0.3
2009-01-30,0.94,1.85,2.87,3.58,,0.38
2009-02-01,,,,,0.22,
2009-02-02,0.89,1.75,2.76,3.47,,0.34
2009-02-03,0.96,1.88,2.89,3.64,,0.43
2009-02-04,0.98,1.91,2.95,3.65,,0.51
2009-02-05,0.98,1.89,2.95,3.63,,0.51
2009-02-06,0.99,1.97,3.05,3.7,,0.7
2009-02-09,1.05,1.99,3.07,3.69,,0.93
2009-02-10,0.92,1.79,2.9,3.54,,0.76
2009-02-11,0.93,1.76,2.78,3.45,,0.66
2009-02-12,0.89,1.73,2.75,3.47,,0.51
2009-02-13,0.97,1.88,2.89,3.68,,0.67
2009-02-16,,,,,,
2009-02-17,0.87,1.65,2.64,3.47,,0.45
2009-02-18,0.97,1.81,2.74,3.54,,0.5
2009-02-19,1.01,1.89,2.85,3.68,,0.62
2009-02-20,0.96,1.81,2.78,3.56,,0.57
2009-02-23,0.96,1.84,2.78,3.53,,0.6
2009-02-24,1.03,1.89,2.8,3.49,,0.53
2009-02-25,1.09,2.06,2.95,3.59,,0.6
2009-02-26,1.08,2.07,2.98,3.66,,0.59
2009-02-27,1.0,1.99,3.02,3.71,,0.58
2009-03-01,,,,,0.18,
2009-03-02,0.89,1.86,2.91,3.64,,0.52
2009-03-03,0.91,1.87,2.93,3.67,,0.42
2009-03-04,0.97,1.97,3.01,3.69,,0.47
2009-03-05,0.9,1.82,2.83,3.51,,0.42
2009-03-06,0.91,1.83,2.83,3.5,,0.37
2009-03-09,0.96,1.9,2.89,3.59,,0.38
2009-03-10,1.01,1.99,2.99,3.7,,0.38
2009-03-11,1.03,1.96,2.95,3.67,,0.39
2009-03-12,1.03,1.92,2.89,3.63,,0.51
2009-03-13,0.98,1.87,2.89,3.66,,0.5
2009-03-16,1.0,1.91,2.97,3.76,,0.56
2009-03-17,1.05,2.0,3.02,3.83,,0.59
2009-03-18,0.82,1.54,2.51,3.57,,0.6
2009-03-19,0.87,1.64,2.61,3.62,,0.66
2009-03-20,0.89,1.66,2.65,3.65,,0.63
2009-03-23,0.93,1.69,2.68,3.69,,0.64
2009-03-24,0.93,1.7,2.68,3.6,,0.73
2009-03-25,0.96,1.84,2.81,3.73,,0.82
2009-03-26,0.9,1.8,2.76,3.66,,0.95
2009-03-27,0.9,1.79,2.78,3.62,,0.9
2009-03-30,0.84,1.72,2.73,3.6,,0.78
2009-03-31,0.81,1.67,2.71,3.56,,0.73
2009-04-01,0.83,1.65,2.68,3.51,0.15,0.72
2009-04-02,0.88,1.74,2.77,3.57,,0.74
2009-04-03,0.96,1.87,2.91,3.7,,0.8
2009-04-06,0.94,1.9,2.95,3.73,,0.88
2009-04-07,0.91,1.87,2.93,3.72,,0.8
2009-04-08,0.93,1.83,2.86,3.66,,0.78
2009-04-09,0.96,1.9,2.96,3.76,,0.82
2009-04-10,,,,,,
2009-04-13,0.89,1.81,2.88,3.69,,0.77
2009-04-14,0.86,1.71,2.8,3.64,,0.75
2009-04-15,0.86,1.71,2.82,3.66,,0.69
2009-04-16,0.91,1.79,2.86,3.72,,0.73
2009-04-17,0.99,1.91,2.98,3.79,,0.73
2009-04-20,0.93,1.82,2.88,3.69,,0.61
2009-04-21,0.96,1.87,2.94,3.74,,0.62
2009-04-22,1.0,1.92,2.98,3.82,,0.64
2009-04-23,0.97,1.89,2.96,3.8,,0.64
2009-04-24,0.99,1.96,3.03,3.89,,0.73
2009-04-27,0.9,1.87,2.95,3.84,,0.75
2009-04-28,0.95,1.97,3.05,3.97,,0.81
2009-04-29,0.94,2.01,3.12,4.01,,0.87
2009-04-30,0.91,2.02,3.16,4.05,,0.82
2009-05-01,0.92,2.03,3.21,4.09,0.18,0.79
2009-05-04,0.94,2.03,3.19,4.06,,0.84
2009-05-05,0.98,2.05,3.2,4.06,,0.86
2009-05-06,0.96,2.06,3.18,4.09,,0.93
2009-05-07,1.0,2.15,3.29,4.25,,1.05
2009-05-08,1.0,2.15,3.29,4.28,,1.04
2009-05-11,0.92,2.04,3.17,4.18,,1.0
2009-05-12,0.9,2.02,3.17,4.16,,0.99
2009-05-13,0.89,1.98,3.11,4.09,,0.96
2009-05-14,0.87,1.98,3.1,4.06,,0.96
2009-05-15,0.88,2.01,3.14,4.09,,1.0
2009-05-18,0.93,2.09,3.22,4.18,,1.03
2009-05-19,0.91,2.12,3.25,4.21,,1.09
2009-05-20,0.87,2.05,3.19,4.14,,1.09
2009-05-21,0.89,2.16,3.35,4.3,,1.13
2009-05-22,0.92,2.23,3.45,4.38,,1.19
2009-05-25,,,,,,
2009-05-26,0.96,2.3,3.5,4.45,,1.25
2009-05-27,0.96,2.43,3.71,4.59,,1.37
2009-05-28,0.97,2.46,3.67,4.54,,1.33
2009-05-29,0.92,2.34,3.47,4.34,,1.36
2009-06-01,0.97,2.55,3.71,4.55,0.21,1.53
2009-06-02,0.96,2.52,3.65,4.5,,1.59
2009-06-03,0.91,2.43,3.56,4.45,,1.5
2009-06-04,0.96,2.56,3.72,4.58,,1.55
2009-06-05,1.32,2.85,3.84,4.63,,1.71
2009-06-08,1.42,2.95,3.91,4.65,,1.71
2009-06-09,1.33,2.86,3.86,4.64,,1.75
2009-06-10,1.38,2.93,3.98,4.76,,1.85
2009-06-11,1.35,2.87,3.88,4.69,,1.78
2009-06-12,1.3,2.81,3.81,4.65,,1.67
2009-06-15,1.26,2.75,3.76,4.61,,1.6
2009-06-16,1.23,2.7,3.67,4.48,,1.53
2009-06-17,1.19,2.69,3.68,4.5,,1.43
2009-06-18,1.28,2.86,3.86,4.63,,1.53
2009-06-19,1.25,2.82,3.79,4.52,,1.54
2009-06-22,1.17,2.75,3.72,4.45,,1.44
2009-06-23,1.14,2.71,3.65,4.37,,1.43
2009-06-24,1.19,2.74,3.72,4.44,,1.34
2009-06-25,1.12,2.58,3.55,4.33,,1.33
2009-06-26,1.1,2.53,3.52,4.3,,1.21
2009-06-29,1.11,2.53,3.51,4.31,,1.21
2009-06-30,1.11,2.54,3.53,4.32,,1.34
2009-07-01,1.05,2.51,3.55,4.34,0.16,1.35
2009-07-02,0.98,2.43,3.51,4.32,,1.27
2009-07-03,,,,,,
2009-07-06,0.96,2.4,3.52,4.35,,1.22
2009-07-07,0.98,2.36,3.47,4.31,,1.22
2009-07-08,0.91,2.23,3.33,4.17,,1.12
2009-07-09,0.94,2.33,3.44,4.31,,1.1
2009-07-10,0.91,2.22,3.32,4.2,,1.06
2009-07-13,0.92,2.27,3.38,4.25,,1.06
2009-07-14,0.97,2.37,3.5,4.38,,1.15
2009-07-15,1.03,2.52,3.63,4.48,,1.27
2009-07-16,1.0,2.46,3.59,4.45,,1.28
2009-07-17,1.02,2.52,3.67,4.53,,1.37
2009-07-20,0.99,2.46,3.61,4.47,,1.4
2009-07-21,0.96,2.36,3.5,4.38,,1.33
2009-07-22,0.98,2.43,3.58,4.45,,1.34
2009-07-23,1.08,2.6,3.72,4.58,,1.43
2009-07-24,1.05,2.57,3.7,4.55,,1.39
2009-07-27,1.08,2.63,3.75,4.62,,1.42
2009-07-28,1.12,2.63,3.72,4.56,,1.38
2009-07-29,1.17,2.69,3.69,4.5,,1.39
2009-07-30,1.19,2.66,3.67,4.44,,1.38
2009-07-31,1.13,2.53,3.52,4.31,,1.32
2009-08-01,,,,,0.16,
2009-08-03,1.18,2.66,3.66,4.42,,1.38
2009-08-04,1.2,2.68,3.7,4.45,,1.42
2009-08-05,1.23,2.73,3.8,4.57,,1.44
2009-08-06,1.22,2.73,3.79,4.53,,1.39
2009-08-07,1.32,2.84,3.89,4.61,,1.48
2009-08-10,1.24,2.75,3.8,4.52,,1.42
2009-08-11,1.21,2.69,3.71,4.44,,1.36
2009-08-12,1.18,2.7,3.72,4.53,,1.34
2009-08-13,1.12,2.58,3.59,4.44,,1.24
2009-08-14,1.07,2.51,3.55,4.41,,1.13
2009-08-17,1.04,2.43,3.48,4.33,,1.08
2009-08-18,1.06,2.48,3.51,4.35,,1.16
2009-08-19,1.01,2.43,3.45,4.28,,1.2
2009-08-20,1.03,2.43,3.42,4.24,,1.3
2009-08-21,1.13,2.58,3.56,4.36,,1.36
2009-08-24,1.05,2.5,3.48,4.27,,1.29
2009-08-25,1.05,2.48,3.45,4.22,,1.21
2009-08-26,1.06,2.46,3.44,4.2,,1.2
2009-08-27,1.04,2.48,3.47,4.23,,1.21
2009-08-28,1.01,2.46,3.46,4.21,,1.18
2009-08-31,0.97,2.39,3.4,4.18,,1.12
2009-09-01,0.92,2.33,3.38,4.19,0.15,1.11
2009-09-02,0.89,2.26,3.29,4.09,,1.07
2009-09-03,0.91,2.29,3.33,4.15,,1.15
2009-09-04,0.94,2.36,3.45,4.27,,1.24
2009-09-07,,,,,,
2009-09-08,0.93,2.38,3.47,4.31,,1.32
2009-09-09,0.93,2.38,3.48,4.33,,1.36
2009-09-10,0.9,2.29,3.36,4.19,,1.32
2009-09-11,0.9,2.29,3.34,4.18,,1.36
2009-09-14,0.94,2.37,3.42,4.22,,1.41
2009-09-15,0.96,2.41,3.47,4.27,,1.45
2009-09-16,1.01,2.46,3.48,4.26,,1.52
2009-09-17,0.98,2.41,3.42,4.19,,1.46
2009-09-18,1.03,2.49,3.49,4.24,,1.45
2009-09-21,1.02,2.47,3.49,4.23,,1.39
2009-09-22,1.02,2.45,3.46,4.2,,1.42
2009-09-23,0.96,2.4,3.44,4.21,,1.4
2009-09-24,0.93,2.37,3.4,4.17,,1.36
2009-09-25,0.98,2.36,3.34,4.1,,1.36
2009-09-28,0.98,2.33,3.31,4.04,,1.35
2009-09-29,1.0,2.34,3.31,4.03,,1.34
2009-09-30,0.95,2.31,3.31,4.03,,1.37
2009-10-01,0.87,2.2,3.21,3.97,0.12,1.33
2009-10-02,0.88,2.22,3.24,4.01,,1.33
2009-10-05,0.88,2.21,3.24,4.01,,1.32
2009-10-06,0.91,2.25,3.27,4.07,,1.37
2009-10-07,0.87,2.16,3.21,3.99,,1.35
2009-10-08,0.9,2.22,3.27,4.09,,1.39
2009-10-09,0.98,2.36,3.4,4.22,,1.46
2009-10-12,,,,,,
2009-10-13,0.91,2.28,3.34,4.16,,1.47
2009-10-14,0.96,2.36,3.45,4.28,,1.51
2009-10-15,0.97,2.41,3.49,4.31,,1.56
2009-10-16,0.97,2.37,3.43,4.24,,1.57
2009-10-19,0.99,2.36,3.41,4.21,,1.63
2009-10-20,0.95,2.3,3.35,4.16,,1.57
2009-10-21,1.0,2.38,3.42,4.22,,1.55
2009-10-22,0.97,2.39,3.44,4.24,,1.51
2009-10-23,1.04,2.46,3.51,4.29,,1.56
2009-10-26,1.06,2.53,3.59,4.37,,1.6
2009-10-27,0.99,2.41,3.49,4.29,,1.61
2009-10-28,0.95,2.37,3.44,4.25,,1.57
2009-10-29,0.98,2.44,3.53,4.35,,1.64
2009-10-30,0.9,2.31,3.41,4.23,,1.61
2009-11-01,,,,,0.12,
2009-11-02,0.92,2.33,3.45,4.26,,1.63
2009-11-03,0.92,2.36,3.5,4.34,,1.63
2009-11-04,0.91,2.39,3.57,4.41,,1.7
2009-11-05,0.9,2.35,3.57,4.41,,1.71
2009-11-06,0.86,2.3,3.54,4.4,,1.7
2009-11-09,0.87,2.31,3.52,4.4,,1.79
2009-11-10,0.85,2.31,3.5,4.41,,1.78
2009-11-11,,,,,,
2009-11-12,0.82,2.28,3.45,4.41,,1.73
2009-11-13,0.82,2.28,3.43,4.36,,1.73
2009-11-16,0.78,2.19,3.33,4.26,,1.73
2009-11-17,0.78,2.19,3.33,4.26,,1.74
2009-11-18,0.77,2.21,3.36,4.29,,1.8
2009-11-19,0.73,2.18,3.35,4.29,,1.78
2009-11-20,0.75,2.2,3.36,4.3,,1.8
2009-11-23,0.77,2.2,3.37,4.29,,1.82
2009-11-24,0.73,2.15,3.32,4.25,,1.81
2009-11-25,0.73,2.11,3.28,4.23,,1.81
2009-11-26,,,,,,
2009-11-27,0.68,2.03,3.21,4.21,,1.74
2009-11-30,0.67,2.01,3.21,4.2,,1.75
2009-12-01,0.67,2.03,3.28,4.26,0.12,1.8
2009-12-02,0.72,2.09,3.32,4.26,,1.82
2009-12-03,0.74,2.14,3.39,4.33,,1.82
2009-12-04,0.84,2.24,3.48,4.4,,1.81
2009-12-07,0.78,2.19,3.44,4.4,,1.81
2009-12-08,0.73,2.12,3.4,4.39,,1.75
2009-12-09,0.76,2.15,3.45,4.41,,1.71
2009-12-10,0.78,2.19,3.49,4.5,,1.73
2009-12-11,0.83,2.26,3.55,4.49,,1.79
2009-12-14,0.87,2.3,3.56,4.49,,1.84
2009-12-15,0.88,2.35,3.6,4.52,,1.9
2009-12-16,0.85,2.35,3.61,4.52,,1.93
2009-12-17,0.77,2.24,3.5,4.42,,1.88
2009-12-18,0.82,2.3,3.55,4.46,,1.92
2009-12-21,0.89,2.43,3.69,4.56,,1.98
2009-12-22,0.95,2.49,3.76,4.6,,2.01
2009-12-23,0.96,2.51,3.77,4.61,,2.02
2009-12-24,1.0,2.57,3.82,4.68,,2.05
2009-12-25,,,,,,
2009-12-28,1.09,2.62,3.85,4.69,,2.08
2009-12-29,1.09,2.62,3.82,4.64,,2.1
2009-12-30,1.08,2.61,3.8,4.61,,2.11
2009-12-31,1.14,2.69,3.85,4.63,,2.13
2010-01-01,,,,,0.11,
2010-01-04,1.09,2.65,3.85,4.65,,2.13
2010-01-05,1.01,2.56,3.77,4.59,,2.12
2010-01-06,1.01,2.6,3.85,4.7,,2.16
2010-01-07,1.03,2.62,3.85,4.69,,2.19
2010-01-08,0.96,2.57,3.83,4.7,,2.18
2010-01-11,0.95,2.58,3.85,4.74,,2.12
2010-01-12,0.92,2.49,3.74,4.62,,2.15
2010-01-13,0.97,2.55,3.8,4.71,,2.13
2010-01-14,0.94,2.51,3.76,4.63,,2.12
2010-01-15,0.89,2.44,3.7,4.58,,2.1
2010-01-18,,,,,,
2010-01-19,0.93,2.48,3.73,4.6,,2.09
2010-01-20,0.92,2.45,3.68,4.54,,2.09
2010-01-21,0.87,2.38,3.62,4.5,,1.98
2010-01-22,0.84,2.37,3.62,4.5,,1.95
2010-01-25,0.86,2.39,3.66,4.55,,1.97
2010-01-26,0.87,2.38,3.65,4.56,,1.97
2010-01-27,0.9,2.43,3.66,4.55,,1.96
2010-01-28,0.87,2.41,3.68,4.57,,1.94
2010-01-29,0.82,2.34,3.63,4.51,,1.91
2010-02-01,0.86,2.38,3.68,4.56,0.13,1.99
2010-02-02,0.86,2.37,3.67,4.55,,2.02
2010-02-03,0.88,2.4,3.73,4.62,,2.05
2010-02-04,0.8,2.29,3.62,4.53,,1.99
2010-02-05,0.77,2.23,3.59,4.51,,1.89
2010-02-08,0.79,2.26,3.62,4.52,,1.91
2010-02-09,0.84,2.32,3.67,4.58,,1.94
2010-02-10,0.91,2.39,3.72,4.65,,1.97
2010-02-11,0.91,2.39,3.73,4.69,,1.96
2010-02-12,0.84,2.35,3.69,4.66,,1.96
2010-02-15,,,,,,
2010-02-16,0.82,2.32,3.66,4.63,,1.95
2010-02-17,0.87,2.4,3.74,4.7,,2.01
2010-02-18,0.9,2.46,3.79,4.74,,2.02
2010-02-19,0.95,2.48,3.78,4.71,,1.97
2010-02-22,0.91,2.47,3.8,4.73,,1.92
2010-02-23,0.87,2.37,3.69,4.63,,1.9
2010-02-24,0.87,2.4,3.7,4.63,,1.9
2010-02-25,0.82,2.33,3.64,4.58,,1.83
2010-02-26,0.81,2.3,3.61,4.55,,1.83
2010-03-01,0.8,2.28,3.61,4.56,0.16,1.83
2010-03-02,0.8,2.27,3.62,4.57,,1.83
2010-03-03,0.82,2.27,3.63,4.58,,1.84
2010-03-04,0.86,2.28,3.61,4.56,,1.84
2010-03-05,0.91,2.35,3.69,4.64,,1.89
2010-03-08,0.9,2.36,3.72,4.68,,1.87
2010-03-09,0.89,2.34,3.71,4.68,,1.88
2010-03-10,0.92,2.39,3.73,4.69,,1.91
2010-03-11,0.97,2.43,3.73,4.66,,1.89
2010-03-12,0.97,2.42,3.71,4.62,,1.93
2010-03-15,0.96,2.42,3.71,4.63,,1.93
2010-03-16,0.93,2.37,3.66,4.59,,1.92
2010-03-17,0.95,2.38,3.65,4.56,,1.96
2010-03-18,0.98,2.44,3.68,4.59,,1.92
2010-03-19,1.02,2.48,3.7,4.58,,1.86
2010-03-22,1.01,2.43,3.67,4.57,,1.82
2010-03-23,1.02,2.44,3.69,4.6,,1.8
2010-03-24,1.08,2.62,3.84,4.72,,1.89
2010-03-25,1.1,2.65,3.91,4.77,,1.87
2010-03-26,1.04,2.59,3.86,4.75,,1.86
2010-03-29,1.04,2.6,3.88,4.76,,1.85
2010-03-30,1.06,2.6,3.88,4.75,,1.83
2010-03-31,1.02,2.55,3.84,4.72,,1.83
2010-04-01,1.05,2.59,3.89,4.74,0.2,1.85
2010-04-02,1.11,2.67,3.96,4.81,,1.86
2010-04-05,1.18,2.75,4.01,4.85,,1.92
2010-04-06,1.14,2.71,3.98,4.84,,2.03
2010-04-07,1.06,2.62,3.89,4.74,,2.04
2010-04-08,1.09,2.64,3.91,4.75,,1.95
2010-04-09,1.08,2.65,3.9,4.74,,1.97
2010-04-12,1.07,2.6,3.87,4.7,,1.95
2010-04-13,1.07,2.58,3.84,4.68,,1.93
2010-04-14,1.07,2.61,3.88,4.72,,1.95
2010-04-15,1.04,2.57,3.86,4.72,,1.96
2010-04-16,0.98,2.49,3.79,4.67,,1.9
2010-04-19,1.01,2.54,3.83,4.7,,1.91
2010-04-20,1.05,2.56,3.82,4.67,,1.96
2010-04-21,1.03,2.52,3.77,4.61,,1.95
2010-04-22,1.07,2.57,3.8,4.65,,1.95
2010-04-23,1.1,2.61,3.84,4.67,,1.99
2010-04-26,1.09,2.6,3.83,4.67,,2.0
2010-04-27,1.03,2.46,3.71,4.56,,2.0
2010-04-28,1.03,2.53,3.8,4.63,,2.0
2010-04-29,1.01,2.49,3.76,4.6,,2.06
2010-04-30,0.97,2.43,3.69,4.53,,2.01
2010-05-01,,,,,0.2,
2010-05-03,1.0,2.47,3.72,4.53,,2.0
2010-05-04,0.96,2.38,3.63,4.43,,1.94
2010-05-05,0.88,2.31,3.58,4.39,,1.89
2010-05-06,0.75,2.13,3.41,4.19,,1.79
2010-05-07,0.83,2.17,3.45,4.28,,1.75
2010-05-10,0.87,2.27,3.57,4.41,,1.85
2010-05-11,0.85,2.26,3.56,4.42,,1.86
2010-05-12,0.89,2.29,3.56,4.47,,1.92
2010-05-13,0.87,2.27,3.55,4.47,,1.89
2010-05-14,0.79,2.16,3.44,4.32,,1.83
2010-05-17,0.81,2.2,3.47,4.35,,1.81
2010-05-18,0.76,2.11,3.38,4.26,,1.77
2010-05-19,0.8,2.13,3.36,4.24,,1.7
2010-05-20,0.76,2.04,3.25,4.13,,1.58
2010-05-21,0.76,2.02,3.2,4.07,,1.61
2010-05-24,0.77,2.04,3.23,4.12,,1.62
2010-05-25,0.81,2.01,3.18,4.07,,1.57
2010-05-26,0.82,2.06,3.21,4.11,,1.62
2010-05-27,0.87,2.18,3.34,4.24,,1.72
2010-05-28,0.76,2.1,3.31,4.22,,1.69
2010-05-31,,,,,,
2010-06-01,0.78,2.09,3.29,4.19,0.18,1.68
2010-06-02,0.82,2.14,3.35,4.24,,1.71
2010-06-03,0.82,2.17,3.39,4.29,,1.77
2010-06-04,0.72,1.98,3.2,4.13,,1.66
2010-06-07,0.74,1.95,3.17,4.11,,1.64
2010-06-08,0.74,1.98,3.18,4.1,,1.62
2010-06-09,0.74,1.99,3.2,4.12,,1.63
2010-06-10,0.79,2.12,3.33,4.25,,1.68
2010-06-11,0.75,2.03,3.24,4.15,,1.65
2010-06-14,0.77,2.07,3.28,4.2,,1.69
2010-06-15,0.79,2.1,3.32,4.23,,1.68
2010-06-16,0.75,2.06,3.27,4.18,,1.67
2010-06-17,0.72,2.01,3.21,4.13,,1.68
2010-06-18,0.74,2.04,3.24,4.15,,1.69
2010-06-21,0.74,2.05,3.26,4.17,,1.71
2010-06-22,0.71,1.98,3.18,4.1,,1.68
2010-06-23,0.66,1.93,3.13,4.05,,1.64
2010-06-24,0.67,1.93,3.14,4.09,,1.6
2010-06-25,0.65,1.9,3.12,4.07,,1.61
2010-06-28,0.62,1.83,3.05,4.01,,1.57
2010-06-29,0.61,1.78,2.97,3.94,,1.54
2010-06-30,0.61,1.79,2.97,3.91,,1.54
2010-07-01,0.63,1.8,2.96,3.88,0.18,1.48
2010-07-02,0.63,1.82,3.0,3.94,,1.48
2010-07-05,,,,,,
2010-07-06,0.62,1.76,2.95,3.89,,1.41
2010-07-07,0.63,1.79,3.0,3.96,,1.4
2010-07-08,0.63,1.8,3.04,4.0,,1.43
2010-07-09,0.63,1.85,3.07,4.04,,1.47
2010-07-12,0.65,1.85,3.08,4.05,,1.48
2010-07-13,0.67,1.9,3.15,4.1,,1.51
2010-07-14,0.62,1.82,3.07,4.03,,1.48
2010-07-15,0.61,1.76,3.0,3.97,,1.43
2010-07-16,0.61,1.7,2.96,3.95,,1.36
2010-07-19,0.61,1.73,2.99,3.99,,1.34
2010-07-20,0.61,1.71,2.98,3.99,,1.32
2010-07-21,0.58,1.66,2.9,3.89,,1.34
2010-07-22,0.6,1.69,2.96,3.95,,1.37
2010-07-23,0.6,1.75,3.02,4.01,,1.39
2010-07-26,0.62,1.76,3.03,4.03,,1.4
2010-07-27,0.65,1.82,3.08,4.08,,1.44
2010-07-28,0.61,1.75,3.03,4.07,,1.46
2010-07-29,0.59,1.7,3.03,4.08,,1.45
2010-07-30,0.55,1.6,2.94,3.98,,1.43
2010-08-01,,,,,0.19,
2010-08-02,0.56,1.64,2.99,4.06,,1.5
2010-08-03,0.53,1.55,2.94,4.04,,1.51
2010-08-04,0.56,1.62,2.98,4.07,,1.5
2010-08-05,0.53,1.57,2.94,4.05,,1.5
2010-08-06,0.5,1.51,2.86,4.0,,1.46
2010-08-09,0.54,1.54,2.86,4.01,,1.48
2010-08-10,0.52,1.46,2.79,4.0,,1.48
2010-08-11,0.54,1.44,2.72,3.93,,1.43
2010-08-12,0.55,1.48,2.74,3.94,,1.35
2010-08-13,0.54,1.47,2.68,3.87,,1.34
2010-08-16,0.51,1.4,2.58,3.72,,1.29
2010-08-17,0.52,1.44,2.64,3.77,,1.28
2010-08-18,0.51,1.46,2.64,3.73,,1.28
2010-08-19,0.49,1.41,2.58,3.66,,1.22
2010-08-20,0.49,1.47,2.62,3.67,,1.24
2010-08-23,0.49,1.43,2.6,3.65,,1.21
2010-08-24,0.5,1.36,2.5,3.57,,1.19
2010-08-25,0.53,1.4,2.54,3.59,,1.21
2010-08-26,0.51,1.38,2.5,3.53,,1.24
2010-08-27,0.56,1.49,2.66,3.69,,1.27
2010-08-30,0.5,1.39,2.54,3.6,,1.23
2010-08-31,0.47,1.33,2.47,3.52,,1.19
2010-09-01,0.5,1.41,2.58,3.65,0.19,1.21
2010-09-02,0.5,1.43,2.63,3.72,,1.2
2010-09-03,0.52,1.49,2.72,3.79,,1.25
2010-09-06,,,,,,
2010-09-07,0.49,1.41,2.61,3.67,,1.24
2010-09-08,0.52,1.46,2.66,3.72,,1.23
2010-09-09,0.57,1.57,2.77,3.84,,1.29
2010-09-10,0.58,1.59,2.81,3.88,,1.34
2010-09-13,0.53,1.51,2.74,3.83,,1.34
2010-09-14,0.5,1.43,2.68,3.79,,1.28
2010-09-15,0.5,1.46,2.74,3.87,,1.29
2010-09-16,0.48,1.48,2.77,3.92,,1.29
2010-09-17,0.48,1.46,2.75,3.9,,1.25
2010-09-20,0.47,1.43,2.72,3.87,,1.24
2010-09-21,0.43,1.34,2.61,3.79,,1.29
2010-09-22,0.44,1.33,2.56,3.74,,1.32
2010-09-23,0.45,1.34,2.56,3.73,,1.29
2010-09-24,0.45,1.37,2.62,3.79,,1.31
2010-09-27,0.44,1.31,2.54,3.7,,1.29
2010-09-28,0.37,1.25,2.48,3.66,,1.31
2010-09-29,0.44,1.28,2.52,3.69,,1.3
2010-09-30,0.42,1.27,2.53,3.69,,1.3
2010-10-01,0.42,1.26,2.54,3.71,0.19,1.33
2010-10-04,0.41,1.23,2.5,3.71,,1.33
2010-10-05,0.41,1.21,2.5,3.74,,1.4
2010-10-06,0.38,1.16,2.41,3.67,,1.45
2010-10-07,0.36,1.14,2.41,3.72,,1.41
2010-10-08,0.35,1.11,2.41,3.75,,1.48
2010-10-11,,,,,,
2010-10-12,0.37,1.14,2.44,3.8,,1.48
2010-10-13,0.37,1.13,2.46,3.84,,1.57
2010-10-14,0.38,1.18,2.52,3.91,,1.67
2010-10-15,0.37,1.2,2.59,3.98,,1.58
2010-10-18,0.38,1.14,2.52,3.93,,1.53
2010-10-19,0.37,1.11,2.5,3.9,,1.51
2010-10-20,0.35,1.11,2.51,3.89,,1.48
2010-10-21,0.37,1.15,2.57,3.95,,1.52
2010-10-22,0.35,1.17,2.59,3.94,,1.56
2010-10-25,0.37,1.2,2.59,3.91,,1.62
2010-10-26,0.4,1.27,2.67,4.0,,1.63
2010-10-27,0.4,1.34,2.75,4.06,,1.59
2010-10-28,0.37,1.23,2.69,4.05,,1.52
2010-10-29,0.34,1.17,2.63,3.99,,1.48
2010-11-01,0.34,1.17,2.66,4.01,0.19,1.51
2010-11-02,0.34,1.15,2.63,3.93,,1.49
2010-11-03,0.34,1.11,2.67,4.09,,1.51
2010-11-04,0.33,1.04,2.53,4.04,,1.52
2010-11-05,0.38,1.1,2.58,4.12,,1.57
2010-11-08,0.41,1.13,2.6,4.12,,1.58
2010-11-09,0.46,1.27,2.72,4.25,,1.58
2010-11-10,0.44,1.23,2.65,4.25,,1.6
2010-11-11,,,,,,
2010-11-12,0.51,1.35,2.76,4.26,,1.57
2010-11-15,0.53,1.51,2.92,4.38,,1.57
2010-11-16,0.51,1.49,2.85,4.26,,1.49
2010-11-17,0.5,1.49,2.89,4.31,,1.53
2010-11-18,0.52,1.51,2.9,4.29,,1.57
2010-11-19,0.52,1.54,2.88,4.25,,1.59
2010-11-22,0.49,1.44,2.8,4.2,,1.58
2010-11-23,0.45,1.4,2.77,4.18,,1.54
2010-11-24,0.53,1.56,2.93,4.29,,1.59
2010-11-25,,,,,,
2010-11-26,0.51,1.53,2.87,4.21,,1.6
2010-11-29,0.52,1.51,2.84,4.16,,1.58
2010-11-30,0.45,1.47,2.81,4.12,,1.54
2010-12-01,0.53,1.64,2.97,4.24,0.18,1.6
2010-12-02,0.55,1.68,3.01,4.27,,1.64
2010-12-03,0.49,1.64,3.03,4.32,,1.62
2010-12-06,0.42,1.53,2.95,4.25,,1.6
2010-12-07,0.54,1.74,3.15,4.39,,1.67
2010-12-08,0.63,1.87,3.26,4.45,,1.68
2010-12-09,0.64,1.9,3.23,4.41,,1.65
2010-12-10,0.64,1.98,3.32,4.43,,1.65
2010-12-13,0.61,1.91,3.29,4.39,,1.66
2010-12-14,0.66,2.08,3.49,4.54,,1.69
2010-12-15,0.68,2.11,3.53,4.59,,1.77
2010-12-16,0.66,2.06,3.47,4.57,,1.78
2010-12-17,0.61,1.97,3.33,4.41,,1.75
2010-12-20,0.62,1.99,3.36,4.44,,1.75
2010-12-21,0.63,1.99,3.35,4.44,,1.77
2010-12-22,0.65,2.02,3.36,4.45,,1.81
2010-12-23,0.67,2.09,3.41,4.47,,1.83
2010-12-24,,,,,,
2010-12-27,0.71,2.08,3.36,4.42,,1.83
2010-12-28,0.75,2.18,3.5,4.53,,1.84
2010-12-29,0.64,2.03,3.35,4.41,,1.81
2010-12-30,0.66,2.06,3.38,4.43,,1.82
2010-12-31,0.61,2.01,3.3,4.34,,1.83
2011-01-01,,,,,0.17,
2011-01-03,0.61,2.02,3.36,4.39,,1.82
2011-01-04,0.63,2.01,3.36,4.44,,1.86
2011-01-05,0.71,2.14,3.5,4.55,,1.94
2011-01-06,0.68,2.09,3.44,4.53,,1.96
2011-01-07,0.6,1.96,3.34,4.48,,1.91
2011-01-10,0.59,1.93,3.32,4.47,,1.91
2011-01-11,0.6,1.98,3.37,4.49,,2.0
2011-01-12,0.61,1.99,3.4,4.52,,2.0
2011-01-13,0.59,1.93,3.34,4.5,,1.95
2011-01-14,0.59,1.95,3.35,4.53,,1.93
2011-01-17,,,,,,
2011-01-18,0.6,1.97,3.39,4.56,,1.95
2011-01-19,0.6,1.95,3.37,4.53,,1.94
2011-01-20,0.65,2.06,3.47,4.6,,1.9
2011-01-21,0.63,2.04,3.44,4.57,,1.92
2011-01-24,0.65,2.03,3.43,4.55,,1.93
2011-01-25,0.62,1.96,3.35,4.48,,1.94
2011-01-26,0.62,2.03,3.45,4.59,,1.96
2011-01-27,0.59,1.98,3.42,4.57,,1.9
2011-01-28,0.54,1.92,3.36,4.53,,1.93
2011-01-31,0.58,1.95,3.42,4.58,,1.96
2011-02-01,0.61,2.02,3.48,4.62,0.16,2.01
2011-02-02,0.67,2.1,3.52,4.64,,2.01
2011-02-03,0.71,2.18,3.58,4.67,,2.0
2011-02-04,0.77,2.27,3.68,4.73,,1.99
2011-02-07,0.78,2.29,3.68,4.71,,1.98
2011-02-08,0.86,2.39,3.75,4.76,,1.95
2011-02-09,0.81,2.33,3.65,4.71,,1.94
2011-02-10,0.85,2.4,3.7,4.75,,1.92
2011-02-11,0.85,2.38,3.64,4.71,,1.88
2011-02-14,0.87,2.37,3.62,4.67,,1.86
2011-02-15,0.84,2.35,3.61,4.66,,1.91
2011-02-16,0.86,2.37,3.62,4.67,,1.94
2011-02-17,0.8,2.3,3.58,4.66,,1.97
2011-02-18,0.78,2.3,3.59,4.7,,2.04
2011-02-21,,,,,,
2011-02-22,0.74,2.16,3.46,4.6,,2.09
2011-02-23,0.74,2.21,3.49,4.59,,2.2
2011-02-24,0.73,2.19,3.46,4.54,,2.2
2011-02-25,0.72,2.16,3.42,4.51,,2.17
2011-02-28,0.69,2.13,3.42,4.49,,2.15
2011-03-01,0.66,2.11,3.41,4.48,0.14,2.17
2011-03-02,0.69,2.16,3.46,4.54,,2.25
2011-03-03,0.79,2.3,3.58,4.64,,2.27
2011-03-04,0.68,2.17,3.49,4.6,,2.24
2011-03-07,0.7,2.19,3.51,4.61,,2.26
2011-03-08,0.73,2.22,3.56,4.66,,2.31
2011-03-09,0.7,2.16,3.48,4.6,,2.25
2011-03-10,0.65,2.05,3.37,4.53,,2.22
2011-03-11,0.64,2.06,3.4,4.54,,2.17
2011-03-14,0.61,2.0,3.36,4.52,,2.15
2011-03-15,0.63,2.0,3.33,4.47,,2.16
2011-03-16,0.58,1.87,3.22,4.38,,2.09
2011-03-17,0.6,1.91,3.25,4.42,,2.18
2011-03-18,0.61,1.96,3.28,4.43,,2.18
2011-03-21,0.67,2.04,3.34,4.45,,2.2
2011-03-22,0.68,2.07,3.34,4.44,,2.19
2011-03-23,0.69,2.07,3.36,4.44,,2.16
2011-03-24,0.72,2.14,3.42,4.48,,2.22
2011-03-25,0.79,2.2,3.46,4.51,,2.19
2011-03-28,0.81,2.23,3.47,4.51,,2.18
2011-03-29,0.81,2.25,3.5,4.54,,2.2
2011-03-30,0.8,2.21,3.47,4.52,,2.19
2011-03-31,0.8,2.24,3.47,4.51,,2.21
2011-04-01,0.8,2.24,3.46,4.48,0.1,2.25
2011-04-04,0.77,2.2,3.45,4.49,,2.29
2011-04-05,0.84,2.28,3.5,4.51,,2.32
2011-04-06,0.85,2.32,3.56,4.58,,2.34
2011-04-07,0.81,2.29,3.58,4.63,,2.33
2011-04-08,0.83,2.31,3.59,4.63,,2.38
2011-04-11,0.85,2.31,3.59,4.64,,2.38
2011-04-12,0.77,2.22,3.52,4.58,,2.32
2011-04-13,0.75,2.19,3.49,4.55,,2.3
2011-04-14,0.77,2.23,3.51,4.53,,2.25
2011-04-15,0.71,2.14,3.43,4.47,,2.23
2011-04-18,0.69,2.09,3.4,4.45,,2.19
2011-04-19,0.68,2.09,3.39,4.43,,2.24
2011-04-20,0.69,2.15,3.43,4.47,,2.27
2011-04-21,0.68,2.14,3.42,4.47,,2.29
2011-04-22,,,,,,
2011-04-25,0.67,2.1,3.39,4.46,,2.3
2011-04-26,0.65,2.05,3.34,4.39,,2.32
2011-04-27,0.65,2.06,3.39,4.45,,2.37
2011-04-28,0.62,2.0,3.34,4.42,,2.41
2011-04-29,0.61,1.97,3.32,4.4,,2.45
2011-05-01,,,,,0.09,
2011-05-02,0.61,1.96,3.31,4.38,,2.44
2011-05-03,0.61,1.96,3.28,4.36,,2.42
2011-05-04,0.6,1.95,3.25,4.33,,2.41
2011-05-05,0.58,1.88,3.18,4.26,,2.28
2011-05-06,0.57,1.87,3.19,4.29,,2.25
2011-05-09,0.57,1.84,3.17,4.3,,2.29
2011-05-10,0.59,1.91,3.23,4.34,,2.31
2011-05-11,0.56,1.87,3.19,4.31,,2.2
2011-05-12,0.57,1.89,3.22,4.37,,2.2
2011-05-13,0.57,1.86,3.18,4.32,,2.15
2011-05-16,0.54,1.83,3.15,4.28,,2.12
2011-05-17,0.55,1.8,3.12,4.23,,2.08
2011-05-18,0.58,1.87,3.18,4.29,,2.14
2011-05-19,0.55,1.85,3.17,4.3,,2.1
2011-05-20,0.55,1.82,3.15,4.3,,2.07
2011-05-23,0.55,1.8,3.13,4.27,,2.03
2011-05-24,0.56,1.81,3.12,4.26,,2.07
2011-05-25,0.54,1.81,3.13,4.28,,2.08
2011-05-26,0.48,1.72,3.07,4.23,,2.06
2011-05-27,0.48,1.71,3.07,4.24,,2.03
2011-05-30,,,,,,
2011-05-31,0.45,1.68,3.05,4.22,,2.0
2011-06-01,0.44,1.6,2.96,4.15,0.09,1.99
2011-06-02,0.45,1.65,3.04,4.25,,2.02
2011-06-03,0.42,1.6,2.99,4.22,,2.03
2011-06-06,0.43,1.6,3.01,4.25,,2.03
2011-06-07,0.39,1.59,3.01,4.27,,2.04
2011-06-08,0.39,1.52,2.98,4.2,,2.01
2011-06-09,0.43,1.6,3.01,4.22,,2.03
2011-06-10,0.41,1.58,2.99,4.18,,1.99
2011-06-13,0.4,1.59,3.0,4.2,,1.99
2011-06-14,0.45,1.7,3.11,4.3,,2.04
2011-06-15,0.38,1.55,2.98,4.19,,1.99
2011-06-16,0.38,1.52,2.93,4.16,,1.95
2011-06-17,0.38,1.53,2.94,4.19,,1.9
2011-06-20,0.38,1.55,2.97,4.19,,1.89
2011-06-21,0.4,1.57,2.99,4.21,,1.91
2011-06-22,0.39,1.58,3.01,4.22,,1.9
2011-06-23,0.35,1.48,2.93,4.17,,1.81
2011-06-24,0.35,1.4,2.88,4.17,,1.79
2011-06-27,0.41,1.47,2.95,4.28,,1.8
2011-06-28,0.48,1.62,3.05,4.33,,1.88
2011-06-29,0.47,1.7,3.14,4.39,,2.0
2011-06-30,0.45,1.76,3.18,4.38,,2.03
2011-07-01,0.5,1.8,3.22,4.4,0.07,2.05
2011-07-04,,,,,,
2011-07-05,0.44,1.7,3.16,4.39,,2.03
2011-07-06,0.43,1.66,3.12,4.35,,2.03
2011-07-07,0.49,1.74,3.17,4.37,,2.1
2011-07-08,0.4,1.57,3.03,4.27,,2.01
2011-07-11,0.37,1.49,2.94,4.2,,2.01
2011-07-12,0.37,1.47,2.92,4.19,,2.01
2011-07-13,0.37,1.45,2.92,4.17,,1.99
2011-07-14,0.38,1.51,2.98,4.25,,1.98
2011-07-15,0.37,1.46,2.94,4.26,,1.98
2011-07-18,0.37,1.45,2.94,4.29,,2.0
2011-07-19,0.39,1.45,2.91,4.19,,2.02
2011-07-20,0.4,1.49,2.96,4.25,,2.01
2011-07-21,0.4,1.56,3.03,4.31,,2.04
2011-07-22,0.4,1.53,2.99,4.26,,2.03
2011-07-25,0.42,1.55,3.03,4.31,,2.06
2011-07-26,0.41,1.51,2.99,4.28,,2.01
2011-07-27,0.44,1.56,3.01,4.29,,2.1
2011-07-28,0.42,1.52,2.98,4.26,,2.11
2011-07-29,0.36,1.35,2.82,4.12,,2.07
2011-08-01,0.38,1.32,2.77,4.07,0.1,2.07
2011-08-02,0.33,1.23,2.66,3.93,,1.99
2011-08-03,0.33,1.25,2.64,3.89,,1.87
2011-08-04,0.27,1.12,2.47,3.7,,1.79
2011-08-05,0.28,1.23,2.58,3.82,,1.82
2011-08-08,0.27,1.11,2.4,3.68,,1.74
2011-08-09,0.19,0.91,2.2,3.56,,1.75
2011-08-10,0.19,0.93,2.17,3.54,,1.95
2011-08-11,0.19,1.02,2.34,3.82,,1.86
2011-08-12,0.2,0.96,2.24,3.72,,1.84
2011-08-15,0.19,0.99,2.29,3.75,,1.8
2011-08-16,0.2,0.95,2.23,3.67,,1.74
2011-08-17,0.19,0.92,2.17,3.57,,1.73
2011-08-18,0.2,0.9,2.08,3.45,,1.62
2011-08-19,0.2,0.9,2.07,3.39,,1.7
2011-08-22,0.22,0.94,2.1,3.42,,1.73
2011-08-23,0.22,0.95,2.15,3.47,,1.66
2011-08-24,0.23,1.05,2.29,3.63,,1.65
2011-08-25,0.22,0.98,2.23,3.6,,1.68
2011-08-26,0.2,0.94,2.19,3.54,,1.64
2011-08-29,0.2,0.99,2.28,3.63,,1.67
2011-08-30,0.2,0.94,2.19,3.53,,1.67
2011-08-31,0.2,0.96,2.23,3.6,,1.72
2011-09-01,0.19,0.9,2.15,3.51,0.08,1.72
2011-09-02,0.2,0.88,2.02,3.32,,1.72
2011-09-05,,,,,,
2011-09-06,0.21,0.88,1.98,3.26,,1.63
2011-09-07,0.21,0.92,2.05,3.36,,1.67
2011-09-08,0.19,0.88,2.0,3.32,,1.73
2011-09-09,0.17,0.81,1.93,3.26,,1.65
2011-09-12,0.21,0.87,1.94,3.24,,1.63
2011-09-13,0.21,0.89,2.0,3.32,,1.61
2011-09-14,0.19,0.91,2.03,3.32,,1.58
2011-09-15,0.21,0.95,2.09,3.36,,1.73
2011-09-16,0.18,0.94,2.08,3.34,,1.69
2011-09-19,0.16,0.85,1.97,3.22,,1.61
2011-09-20,0.18,0.85,1.95,3.2,,1.67
2011-09-21,0.21,0.88,1.88,3.03,,1.66
2011-09-22,0.2,0.79,1.72,2.78,,1.49
2011-09-23,0.23,0.89,1.84,2.89,,1.48
2011-09-26,0.25,0.92,1.91,2.99,,1.48
2011-09-27,0.25,0.97,2.0,3.08,,1.57
2011-09-28,0.27,0.99,2.03,3.1,,1.57
2011-09-29,0.27,0.98,1.99,3.03,,1.54
2011-09-30,0.25,0.96,1.92,2.9,,1.5
2011-10-01,,,,,0.07,
2011-10-03,0.24,0.87,1.8,2.76,,1.48
2011-10-04,0.25,0.9,1.81,2.77,,1.49
2011-10-05,0.25,0.96,1.92,2.87,,1.5
2011-10-06,0.29,1.01,2.01,2.96,,1.58
2011-10-07,0.3,1.08,2.1,3.02,,1.63
2011-10-10,,,,,,
2011-10-11,0.32,1.14,2.18,3.11,,1.65
2011-10-12,0.29,1.17,2.24,3.19,,1.67
2011-10-13,0.29,1.11,2.19,3.15,,1.61
2011-10-14,0.28,1.12,2.26,3.22,,1.66
2011-10-17,0.28,1.08,2.18,3.13,,1.66
2011-10-18,0.28,1.07,2.19,3.17,,1.72
2011-10-19,0.28,1.05,2.18,3.17,,1.71
2011-10-20,0.28,1.07,2.2,3.19,,1.72
2011-10-21,0.3,1.08,2.23,3.26,,1.74
2011-10-24,0.3,1.1,2.25,3.27,,1.76
2011-10-25,0.26,1.01,2.14,3.13,,1.76
2011-10-26,0.28,1.09,2.23,3.22,,1.83
2011-10-27,0.31,1.2,2.42,3.45,,1.94
2011-10-28,0.28,1.13,2.34,3.36,,1.93
2011-10-31,0.25,0.99,2.17,3.16,,1.88
2011-11-01,0.23,0.9,2.01,2.99,0.08,1.82
2011-11-02,0.23,0.89,2.03,3.03,,1.91
2011-11-03,0.24,0.91,2.09,3.1,,1.91
2011-11-04,0.22,0.88,2.06,3.09,,1.93
2011-11-07,0.25,0.88,2.04,3.05,,1.94
2011-11-08,0.25,0.92,2.1,3.13,,1.89
2011-11-09,0.24,0.88,2.0,3.03,,1.87
2011-11-10,0.24,0.9,2.04,3.12,,1.88
2011-11-11,,,,,,
2011-11-14,0.24,0.91,2.04,3.09,,1.84
2011-11-15,0.26,0.93,2.06,3.1,,1.76
2011-11-16,0.26,0.9,2.01,3.05,,1.68
2011-11-17,0.27,0.88,1.96,2.98,,1.59
2011-11-18,0.29,0.94,2.01,2.99,,1.64
2011-11-21,0.27,0.92,1.97,2.96,,1.59
2011-11-22,0.26,0.91,1.94,2.91,,1.6
2011-11-23,0.26,0.88,1.89,2.82,,1.61
2011-11-24,,,,,,
2011-11-25,0.28,0.93,1.97,2.92,,1.64
2011-11-28,0.26,0.91,1.97,2.93,,1.66
2011-11-29,0.27,0.93,2.0,2.96,,1.7
2011-11-30,0.25,0.96,2.08,3.06,,1.76
2011-12-01,0.27,0.97,2.11,3.12,0.07,1.76
2011-12-02,0.25,0.92,2.05,3.03,,1.76
2011-12-05,0.27,0.93,2.04,3.02,,1.77
2011-12-06,0.25,0.94,2.08,3.09,,1.83
2011-12-07,0.24,0.89,2.02,3.04,,1.71
2011-12-08,0.22,0.86,1.99,3.0,,1.65
2011-12-09,0.22,0.89,2.07,3.1,,1.64
2011-12-12,0.24,0.87,2.03,3.06,,1.64
2011-12-13,0.24,0.85,1.96,2.98,,1.65
2011-12-14,0.25,0.86,1.92,2.91,,1.6
2011-12-15,0.26,0.86,1.92,2.92,,1.61
2011-12-16,0.24,0.81,1.86,2.86,,1.58
2011-12-19,0.24,0.82,1.82,2.79,,1.64
2011-12-20,0.26,0.88,1.94,2.93,,1.72
2011-12-21,0.28,0.91,1.98,3.0,,1.7
2011-12-22,0.28,0.91,1.97,2.99,,1.64
2011-12-23,0.28,0.97,2.03,3.05,,1.68
2011-12-26,,,,,,
2011-12-27,0.3,0.96,2.02,3.04,,1.65
2011-12-28,0.28,0.91,1.93,2.91,,1.63
2011-12-29,0.28,0.88,1.91,2.9,,1.61
2011-12-30,0.25,0.83,1.89,2.89,,1.59
2012-01-01,,,,,0.08,
2012-01-02,,,,,,
2012-01-03,0.27,0.89,1.97,2.98,,1.66
2012-01-04,0.25,0.89,2.0,3.03,,1.71
2012-01-05,0.27,0.88,2.02,3.06,,1.74
2012-01-06,0.25,0.86,1.98,3.02,,1.71
2012-01-09,0.26,0.85,1.98,3.02,,1.73
2012-01-10,0.24,0.86,2.0,3.04,,1.7
2012-01-11,0.24,0.82,1.93,2.96,,1.67
2012-01-12,0.22,0.84,1.94,2.97,,1.69
2012-01-13,0.24,0.8,1.89,2.91,,1.69
2012-01-16,,,,,,
2012-01-17,0.21,0.79,1.87,2.89,,1.7
2012-01-18,0.24,0.82,1.92,2.96,,1.73
2012-01-19,0.26,0.87,2.01,3.05,,1.75
2012-01-20,0.26,0.91,2.05,3.1,,1.76
2012-01-23,0.26,0.93,2.09,3.15,,1.77
2012-01-24,0.24,0.92,2.08,3.15,,1.81
2012-01-25,0.22,0.81,2.01,3.13,,1.83
2012-01-26,0.22,0.77,1.96,3.1,,1.86
2012-01-27,0.22,0.75,1.93,3.07,,1.88
2012-01-30,0.22,0.73,1.87,2.99,,1.87
2012-01-31,0.22,0.71,1.83,2.94,,1.88
2012-02-01,0.23,0.72,1.87,3.01,0.1,1.89
2012-02-02,0.23,0.71,1.86,3.01,,1.89
2012-02-03,0.23,0.78,1.97,3.13,,1.88
2012-02-06,0.24,0.76,1.93,3.08,,1.91
2012-02-07,0.25,0.82,2.0,3.14,,1.95
2012-02-08,0.27,0.82,2.01,3.14,,1.91
2012-02-09,0.27,0.86,2.04,3.2,,1.91
2012-02-10,0.27,0.81,1.96,3.11,,1.88
2012-02-13,0.29,0.85,1.99,3.14,,1.97
2012-02-14,0.29,0.81,1.92,3.06,,1.92
2012-02-15,0.29,0.81,1.93,3.09,,1.9
2012-02-16,0.29,0.87,1.99,3.14,,1.93
2012-02-17,0.29,0.88,2.01,3.16,,1.93
2012-02-20,,,,,,
2012-02-21,0.31,0.92,2.05,3.2,,1.98
2012-02-22,0.29,0.88,2.01,3.15,,1.99
2012-02-23,0.31,0.88,1.99,3.13,,2.04
2012-02-24,0.31,0.89,1.98,3.1,,2.03
2012-02-27,0.3,0.84,1.92,3.04,,2.02
2012-02-28,0.3,0.84,1.94,3.07,,1.99
2012-02-29,0.3,0.87,1.98,3.08,,1.99
2012-03-01,0.3,0.89,2.03,3.15,0.13,1.99
2012-03-02,0.28,0.84,1.99,3.11,,1.95
2012-03-05,0.31,0.87,2.0,3.13,,1.94
2012-03-06,0.3,0.83,1.96,3.08,,1.92
2012-03-07,0.3,0.85,1.98,3.12,,1.98
2012-03-08,0.32,0.89,2.03,3.18,,2.01
2012-03-09,0.33,0.9,2.04,3.19,,2.07
2012-03-12,0.33,0.92,2.04,3.17,,2.06
2012-03-13,0.35,0.99,2.14,3.26,,2.13
2012-03-14,0.4,1.13,2.29,3.43,,2.15
2012-03-15,0.37,1.11,2.29,3.41,,2.13
2012-03-16,0.37,1.13,2.31,3.41,,2.12
2012-03-19,0.39,1.2,2.39,3.48,,2.13
2012-03-20,0.41,1.22,2.38,3.46,,2.15
2012-03-21,0.39,1.15,2.31,3.38,,2.11
2012-03-22,0.37,1.13,2.29,3.37,,2.06
2012-03-23,0.37,1.1,2.25,3.31,,2.04
2012-03-26,0.36,1.09,2.26,3.33,,2.02
2012-03-27,0.33,1.04,2.2,3.29,,2.01
2012-03-28,0.34,1.05,2.21,3.31,,2.03
2012-03-29,0.33,1.01,2.18,3.27,,1.99
2012-03-30,0.33,1.04,2.23,3.35,,2.02
2012-04-01,,,,,0.14,
2012-04-02,0.33,1.03,2.22,3.35,,2.04
2012-04-03,0.36,1.1,2.3,3.41,,2.04
2012-04-04,0.35,1.05,2.25,3.37,,1.96
2012-04-05,0.35,1.01,2.19,3.32,,1.95
2012-04-06,0.32,0.89,2.07,3.21,,1.85
2012-04-09,0.32,0.9,2.06,3.18,,1.84
2012-04-10,0.28,0.85,2.01,3.13,,1.87
2012-04-11,0.3,0.89,2.05,3.18,,1.95
2012-04-12,0.29,0.9,2.08,3.22,,1.91
2012-04-13,0.27,0.86,2.02,3.14,,1.91
2012-04-16,0.27,0.85,2.0,3.12,,1.89
2012-04-17,0.27,0.88,2.03,3.15,,1.91
2012-04-18,0.27,0.86,2.0,3.13,,1.87
2012-04-19,0.27,0.84,1.98,3.12,,1.91
2012-04-20,0.29,0.86,1.99,3.12,,1.96
2012-04-23,0.27,0.83,1.96,3.08,,1.95
2012-04-24,0.27,0.86,2.0,3.12,,2.01
2012-04-25,0.26,0.86,2.01,3.15,,2.02
2012-04-26,0.26,0.83,1.98,3.13,,2.04
2012-04-27,0.26,0.82,1.96,3.12,,2.06
2012-04-30,0.27,0.82,1.95,3.12,,2.06
2012-05-01,0.27,0.84,1.98,3.16,0.16,2.06
2012-05-02,0.27,0.82,1.96,3.11,,2.04
2012-05-03,0.28,0.82,1.96,3.12,,2.01
2012-05-04,0.27,0.78,1.91,3.07,,1.93
2012-05-07,0.27,0.79,1.92,3.07,,1.94
2012-05-08,0.27,0.77,1.88,3.03,,1.95
2012-05-09,0.27,0.77,1.87,3.03,,1.94
2012-05-10,0.27,0.79,1.89,3.07,,1.96
2012-05-11,0.27,0.75,1.84,3.02,,1.91
2012-05-14,0.29,0.73,1.78,2.95,,1.91
2012-05-15,0.29,0.74,1.76,2.91,,1.92
2012-05-16,0.3,0.75,1.76,2.9,,1.89
2012-05-17,0.32,0.74,1.7,2.8,,1.87
2012-05-18,0.32,0.75,1.71,2.8,,1.85
2012-05-21,0.3,0.75,1.75,2.8,,1.86
2012-05-22,0.3,0.78,1.79,2.88,,1.87
2012-05-23,0.28,0.74,1.73,2.81,,1.8
2012-05-24,0.29,0.77,1.77,2.86,,1.79
2012-05-25,0.3,0.76,1.75,2.85,,1.78
2012-05-28,,,,,,
2012-05-29,0.3,0.76,1.74,2.85,,1.76
2012-05-30,0.27,0.69,1.63,2.72,,1.71
2012-05-31,0.27,0.67,1.59,2.67,,1.72
2012-06-01,0.25,0.62,1.47,2.53,0.16,1.65
2012-06-04,0.25,0.68,1.53,2.56,,1.69
2012-06-05,0.25,0.68,1.57,2.63,,1.71
2012-06-06,0.26,0.73,1.66,2.73,,1.73
2012-06-07,0.27,0.72,1.66,2.75,,1.77
2012-06-08,0.28,0.71,1.65,2.77,,1.79
2012-06-11,0.27,0.69,1.6,2.71,,1.79
2012-06-12,0.3,0.75,1.67,2.77,,1.81
2012-06-13,0.3,0.71,1.61,2.7,,1.8
2012-06-14,0.3,0.73,1.64,2.73,,1.79
2012-06-15,0.29,0.68,1.6,2.7,,1.86
2012-06-18,0.29,0.69,1.59,2.67,,1.85
2012-06-19,0.3,0.71,1.64,2.73,,1.87
2012-06-20,0.32,0.74,1.65,2.72,,1.88
2012-06-21,0.32,0.73,1.63,2.68,,1.77
2012-06-22,0.31,0.76,1.69,2.75,,1.74
2012-06-25,0.31,0.72,1.63,2.69,,1.7
2012-06-26,0.31,0.75,1.66,2.71,,1.7
2012-06-27,0.31,0.73,1.65,2.7,,1.68
2012-06-28,0.31,0.69,1.6,2.67,,1.64
2012-06-29,0.33,0.72,1.67,2.76,,1.72
2012-07-01,,,,,0.16,
2012-07-02,0.3,0.67,1.61,2.69,,1.71
2012-07-03,0.3,0.69,1.65,2.74,,1.77
2012-07-04,,,,,,
2012-07-05,0.28,0.68,1.62,2.72,,1.8
2012-07-06,0.27,0.64,1.57,2.66,,1.76
2012-07-09,0.27,0.63,1.53,2.62,,1.77
2012-07-10,0.27,0.63,1.53,2.6,,1.79
2012-07-11,0.27,0.64,1.54,2.6,,1.79
2012-07-12,0.25,0.63,1.5,2.57,,1.76
2012-07-13,0.25,0.63,1.52,2.58,,1.78
2012-07-16,0.24,0.6,1.5,2.56,,1.78
2012-07-17,0.25,0.62,1.53,2.59,,1.78
2012-07-18,0.22,0.6,1.52,2.59,,1.79
2012-07-19,0.22,0.62,1.54,2.61,,1.82
2012-07-20,0.22,0.59,1.49,2.55,,1.77
2012-07-23,0.22,0.57,1.47,2.52,,1.75
2012-07-24,0.22,0.57,1.44,2.47,,1.7
2012-07-25,0.22,0.56,1.43,2.46,,1.68
2012-07-26,0.23,0.58,1.45,2.49,,1.71
2012-07-27,0.25,0.65,1.58,2.63,,1.79
2012-07-30,0.23,0.61,1.53,2.58,,1.78
2012-07-31,0.23,0.6,1.51,2.56,,1.83
2012-08-01,0.24,0.63,1.56,2.6,0.13,1.85
2012-08-02,0.24,0.61,1.51,2.55,,1.83
2012-08-03,0.24,0.67,1.6,2.65,,1.87
2012-08-06,0.24,0.65,1.59,2.65,,1.89
2012-08-07,0.27,0.71,1.66,2.72,,1.95
2012-08-08,0.29,0.73,1.68,2.75,,1.92
2012-08-09,0.29,0.74,1.69,2.78,,1.92
2012-08-10,0.27,0.71,1.65,2.74,,1.9
2012-08-13,0.27,0.71,1.65,2.74,,1.9
2012-08-14,0.27,0.75,1.73,2.82,,1.91
2012-08-15,0.27,0.8,1.8,2.9,,1.89
2012-08-16,0.29,0.83,1.83,2.96,,1.9
2012-08-17,0.29,0.81,1.81,2.93,,1.86
2012-08-20,0.29,0.8,1.82,2.93,,1.84
2012-08-21,0.31,0.8,1.8,2.9,,1.86
2012-08-22,0.26,0.71,1.71,2.82,,1.88
2012-08-23,0.26,0.71,1.68,2.79,,1.96
2012-08-24,0.28,0.72,1.68,2.79,,1.94
2012-08-27,0.28,0.7,1.65,2.76,,1.97
2012-08-28,0.27,0.69,1.64,2.75,,1.98
2012-08-29,0.27,0.69,1.66,2.77,,1.95
2012-08-30,0.27,0.66,1.63,2.75,,1.92
2012-08-31,0.22,0.59,1.57,2.68,,1.95
2012-09-01,,,,,0.14,
2012-09-03,,,,,,
2012-09-04,0.23,0.62,1.59,2.69,,1.97
2012-09-05,0.25,0.62,1.6,2.7,,1.98
2012-09-06,0.27,0.68,1.68,2.8,,2.01
2012-09-07,0.25,0.64,1.67,2.81,,2.03
2012-09-10,0.25,0.66,1.68,2.83,,2.08
2012-09-11,0.25,0.67,1.7,2.84,,2.11
2012-09-12,0.25,0.7,1.77,2.92,,2.12
2012-09-13,0.24,0.65,1.75,2.95,,2.23
2012-09-14,0.27,0.72,1.88,3.09,,2.39
2012-09-17,0.25,0.73,1.85,3.03,,2.31
2012-09-18,0.25,0.71,1.82,3.0,,2.23
2012-09-19,0.27,0.7,1.79,2.97,,2.19
2012-09-20,0.27,0.7,1.8,2.96,,2.21
2012-09-21,0.27,0.68,1.77,2.95,,2.18
2012-09-24,0.27,0.68,1.74,2.91,,2.15
2012-09-25,0.27,0.66,1.7,2.86,,2.15
2012-09-26,0.26,0.63,1.64,2.79,,2.09
2012-09-27,0.25,0.64,1.66,2.83,,2.11
2012-09-28,0.23,0.62,1.65,2.82,,2.11
2012-10-01,0.25,0.62,1.64,2.81,0.16,2.11
2012-10-02,0.23,0.61,1.64,2.81,,2.12
2012-10-03,0.23,0.61,1.64,2.82,,2.18
2012-10-04,0.23,0.63,1.7,2.89,,2.25
2012-10-05,0.27,0.67,1.75,2.96,,2.28
2012-10-08,,,,,,
2012-10-09,0.25,0.67,1.74,2.93,,2.27
2012-10-10,0.27,0.66,1.72,2.89,,2.23
2012-10-11,0.28,0.67,1.7,2.86,,2.19
2012-10-12,0.27,0.67,1.69,2.83,,2.15
2012-10-15,0.27,0.67,1.7,2.85,,2.19
2012-10-16,0.27,0.7,1.75,2.91,,2.18
2012-10-17,0.3,0.78,1.83,2.98,,2.22
2012-10-18,0.29,0.79,1.86,3.02,,2.22
2012-10-19,0.3,0.77,1.79,2.94,,2.19
2012-10-22,0.32,0.79,1.83,2.95,,2.18
2012-10-23,0.29,0.77,1.79,2.91,,2.15
2012-10-24,0.29,0.76,1.8,2.93,,2.13
2012-10-25,0.31,0.82,1.86,2.98,,2.13
2012-10-26,0.3,0.76,1.78,2.92,,2.08
2012-10-29,0.3,0.74,1.74,2.87,,2.09
2012-10-30,,,,,,
2012-10-31,0.3,0.72,1.72,2.85,,2.12
2012-11-01,0.3,0.73,1.75,2.89,0.16,2.13
2012-11-02,0.28,0.73,1.75,2.91,,2.12
2012-11-05,0.28,0.7,1.72,2.88,,2.07
2012-11-06,0.3,0.75,1.78,2.92,,2.12
2012-11-07,0.27,0.67,1.68,2.83,,2.08
2012-11-08,0.27,0.65,1.62,2.77,,2.07
2012-11-09,0.27,0.65,1.61,2.75,,2.05
2012-11-12,,,,,,
2012-11-13,0.27,0.63,1.59,2.72,,2.04
2012-11-14,0.25,0.63,1.59,2.73,,2.02
2012-11-15,0.24,0.62,1.58,2.72,,2.0
2012-11-16,0.24,0.62,1.58,2.73,,2.01
2012-11-19,0.25,0.64,1.61,2.76,,2.03
2012-11-20,0.27,0.67,1.66,2.82,,2.05
2012-11-21,0.27,0.69,1.69,2.83,,2.05
2012-11-22,,,,,,
2012-11-23,0.29,0.7,1.7,2.83,,2.06
2012-11-26,0.27,0.68,1.66,2.8,,2.04
2012-11-27,0.27,0.66,1.64,2.79,,2.02
2012-11-28,0.27,0.64,1.63,2.79,,1.99
2012-11-29,0.25,0.63,1.62,2.79,,2.0
2012-11-30,0.25,0.61,1.62,2.81,,2.01
2012-12-01,,,,,0.16,
2012-12-03,0.25,0.63,1.63,2.8,,2.04
2012-12-04,0.25,0.63,1.62,2.78,,2.04
2012-12-05,0.25,0.61,1.6,2.78,,2.06
2012-12-06,0.25,0.6,1.59,2.76,,2.06
2012-12-07,0.25,0.63,1.64,2.81,,2.1
2012-12-10,0.24,0.62,1.63,2.8,,2.05
2012-12-11,0.24,0.64,1.66,2.83,,2.07
2012-12-12,0.25,0.66,1.72,2.9,,2.12
2012-12-13,0.27,0.7,1.74,2.9,,2.12
2012-12-14,0.24,0.7,1.72,2.87,,2.11
2012-12-17,0.25,0.74,1.78,2.94,,2.11
2012-12-18,0.28,0.78,1.84,3.0,,2.14
2012-12-19,0.28,0.77,1.82,2.99,,2.13
2012-12-20,0.28,0.77,1.81,2.98,,2.16
2012-12-21,0.26,0.75,1.77,2.93,,2.1
2012-12-24,0.26,0.77,1.79,2.94,,2.13
2012-12-25,,,,,,
2012-12-26,0.26,0.76,1.77,2.94,,2.11
2012-12-27,0.26,0.72,1.74,2.89,,2.11
2012-12-28,0.27,0.72,1.73,2.88,,2.06
2012-12-31,0.25,0.72,1.78,2.95,,2.09
2013-01-01,,,,,0.14,
2013-01-02,0.27,0.76,1.86,3.04,,2.12
2013-01-03,0.27,0.81,1.92,3.12,,2.11
2013-01-04,0.27,0.82,1.93,3.1,,2.13
2013-01-07,0.27,0.82,1.92,3.1,,2.16
2013-01-08,0.25,0.79,1.89,3.06,,2.15
2013-01-09,0.24,0.77,1.88,3.06,,2.18
2013-01-10,0.26,0.8,1.91,3.08,,2.2
2013-01-11,0.26,0.78,1.89,3.05,,2.18
2013-01-14,0.26,0.78,1.89,3.05,,2.12
2013-01-15,0.26,0.75,1.86,3.02,,2.2
2013-01-16,0.26,0.75,1.84,3.01,,2.18
2013-01-17,0.28,0.79,1.89,3.06,,2.19
2013-01-18,0.26,0.77,1.87,3.03,,2.2
2013-01-21,,,,,,
2013-01-22,0.26,0.76,1.86,3.02,,2.15
2013-01-23,0.26,0.76,1.86,3.02,,2.21
2013-01-24,0.23,0.78,1.88,3.04,,2.22
2013-01-25,0.28,0.87,1.98,3.14,,2.21
2013-01-28,0.29,0.89,2.0,3.15,,2.24
2013-01-29,0.3,0.9,2.03,3.18,,2.27
2013-01-30,0.27,0.88,2.03,3.19,,2.26
2013-01-31,0.27,0.88,2.02,3.17,,2.33
2013-02-01,0.27,0.88,2.04,3.21,0.15,2.34
2013-02-04,0.25,0.85,2.0,3.17,,2.32
2013-02-05,0.27,0.88,2.04,3.21,,2.32
2013-02-06,0.27,0.84,2.0,3.18,,2.32
2013-02-07,0.25,0.83,1.99,3.17,,2.29
2013-02-08,0.25,0.84,1.99,3.17,,2.21
2013-02-11,0.27,0.85,1.99,3.16,,2.26
2013-02-12,0.29,0.88,2.02,3.19,,2.2
2013-02-13,0.29,0.92,2.05,3.23,,2.26
2013-02-14,0.27,0.86,2.0,3.17,,2.22
2013-02-15,0.29,0.87,2.01,3.18,,2.19
2013-02-18,,,,,,
2013-02-19,0.29,0.89,2.03,3.21,,2.2
2013-02-20,0.27,0.88,2.02,3.2,,2.19
2013-02-21,0.26,0.86,1.99,3.17,,2.19
2013-02-22,0.27,0.84,1.97,3.15,,2.2
2013-02-25,0.25,0.78,1.88,3.08,,2.19
2013-02-26,0.25,0.78,1.88,3.08,,2.18
2013-02-27,0.27,0.78,1.91,3.11,,2.18
2013-02-28,0.25,0.77,1.89,3.1,,2.18
2013-03-01,0.25,0.75,1.86,3.06,0.14,2.2
2013-03-04,0.24,0.76,1.88,3.08,,2.22
2013-03-05,0.25,0.77,1.9,3.1,,2.26
2013-03-06,0.25,0.81,1.95,3.15,,2.27
2013-03-07,0.25,0.85,2.0,3.2,,2.22
2013-03-08,0.27,0.9,2.06,3.25,,2.18
2013-03-11,0.27,0.9,2.07,3.26,,2.28
2013-03-12,0.27,0.88,2.03,3.22,,2.27
2013-03-13,0.27,0.89,2.04,3.22,,2.29
2013-03-14,0.27,0.88,2.04,3.25,,2.31
2013-03-15,0.25,0.84,2.01,3.22,,2.3
2013-03-18,0.26,0.81,1.96,3.18,,2.26
2013-03-19,0.24,0.79,1.92,3.13,,2.25
2013-03-20,0.26,0.81,1.96,3.19,,2.25
2013-03-21,0.27,0.81,1.95,3.15,,2.22
2013-03-22,0.26,0.8,1.93,3.13,,2.23
2013-03-25,0.24,0.8,1.93,3.14,,2.24
2013-03-26,0.25,0.79,1.92,3.13,,2.21
2013-03-27,0.25,0.76,1.87,3.09,,2.22
2013-03-28,0.25,0.77,1.87,3.1,,2.24
2013-03-29,,,,,,
2013-04-01,0.23,0.76,1.86,3.08,0.15,2.23
2013-04-02,0.25,0.78,1.88,3.1,,2.22
2013-04-03,0.24,0.73,1.83,3.05,,2.18
2013-04-04,0.22,0.69,1.78,2.99,,2.13
2013-04-05,0.24,0.68,1.72,2.87,,2.1
2013-04-08,0.24,0.71,1.76,2.91,,2.14
2013-04-09,0.24,0.7,1.78,2.94,,2.06
2013-04-10,0.24,0.74,1.84,3.01,,2.1
2013-04-11,0.24,0.74,1.82,3.01,,2.12
2013-04-12,0.22,0.7,1.75,2.92,,2.11
2013-04-15,0.22,0.69,1.72,2.88,,2.02
2013-04-16,0.24,0.71,1.75,2.91,,2.02
2013-04-17,0.24,0.71,1.73,2.89,,1.98
2013-04-18,0.24,0.71,1.72,2.87,,2.0
2013-04-19,0.24,0.72,1.73,2.88,,2.04
2013-04-22,0.24,0.7,1.72,2.88,,2.04
2013-04-23,0.23,0.71,1.74,2.9,,2.04
2013-04-24,0.23,0.7,1.73,2.89,,2.07
2013-04-25,0.23,0.71,1.74,2.91,,2.12
2013-04-26,0.22,0.68,1.7,2.87,,2.11
2013-04-29,0.2,0.68,1.7,2.88,,2.1
2013-04-30,0.22,0.68,1.7,2.88,,2.06
2013-05-01,0.2,0.65,1.66,2.83,0.11,1.98
2013-05-02,0.2,0.65,1.66,2.82,,1.99
2013-05-03,0.22,0.73,1.78,2.96,,2.03
2013-05-06,0.22,0.74,1.8,2.98,,2.05
2013-05-07,0.22,0.75,1.82,3.0,,2.05
2013-05-08,0.22,0.75,1.81,2.99,,2.03
2013-05-09,0.22,0.75,1.81,3.01,,2.02
2013-05-10,0.26,0.82,1.9,3.1,,2.05
2013-05-13,0.24,0.83,1.92,3.13,,2.02
2013-05-14,0.26,0.85,1.96,3.17,,2.03
2013-05-15,0.26,0.84,1.94,3.16,,2.01
2013-05-16,0.23,0.79,1.87,3.09,,1.97
2013-05-17,0.26,0.84,1.95,3.17,,1.98
2013-05-20,0.26,0.85,1.97,3.18,,2.0
2013-05-21,0.26,0.84,1.94,3.14,,1.99
2013-05-22,0.26,0.91,2.03,3.21,,1.97
2013-05-23,0.26,0.91,2.02,3.2,,1.93
2013-05-24,0.26,0.9,2.01,3.18,,1.93
2013-05-27,,,,,,
2013-05-28,0.29,1.02,2.15,3.31,,1.96
2013-05-29,0.3,1.02,2.13,3.27,,1.91
2013-05-30,0.31,1.01,2.13,3.28,,1.83
2013-05-31,0.3,1.05,2.16,3.3,,1.87
2013-06-01,,,,,0.09,
2013-06-03,0.3,1.03,2.13,3.27,,1.89
2013-06-04,0.32,1.05,2.14,3.3,,1.92
2013-06-05,0.3,1.02,2.1,3.25,,1.88
2013-06-06,0.3,1.01,2.08,3.23,,1.87
2013-06-07,0.32,1.1,2.17,3.33,,1.89
2013-06-10,0.32,1.13,2.22,3.36,,1.85
2013-06-11,0.34,1.12,2.2,3.33,,1.83
2013-06-12,0.34,1.15,2.25,3.37,,1.81
2013-06-13,0.32,1.11,2.19,3.33,,1.8
2013-06-14,0.29,1.04,2.14,3.28,,1.82
2013-06-17,0.27,1.06,2.19,3.35,,1.8
2013-06-18,0.27,1.07,2.2,3.34,,1.84
2013-06-19,0.31,1.24,2.33,3.41,,1.83
2013-06-20,0.33,1.31,2.41,3.49,,1.74
2013-06-21,0.38,1.42,2.52,3.56,,1.66
2013-06-24,0.42,1.48,2.57,3.56,,1.62
2013-06-25,0.43,1.49,2.6,3.6,,1.65
2013-06-26,0.39,1.45,2.55,3.58,,1.67
2013-06-27,0.36,1.38,2.49,3.54,,1.73
2013-06-28,0.36,1.41,2.52,3.52,,1.76
2013-07-01,0.34,1.39,2.5,3.48,0.09,1.8
2013-07-02,0.34,1.38,2.48,3.47,,1.82
2013-07-03,0.36,1.42,2.52,3.49,,1.83
2013-07-04,,,,,,
2013-07-05,0.4,1.6,2.73,3.68,,1.87
2013-07-08,0.37,1.51,2.65,3.63,,1.87
2013-07-09,0.37,1.5,2.65,3.64,,1.86
2013-07-10,0.38,1.54,2.7,3.68,,1.87
2013-07-11,0.34,1.4,2.6,3.64,,1.82
2013-07-12,0.37,1.43,2.61,3.64,,1.84
2013-07-15,0.34,1.4,2.57,3.61,,1.86
2013-07-16,0.34,1.38,2.55,3.58,,1.89
2013-07-17,0.32,1.33,2.52,3.57,,1.9
2013-07-18,0.32,1.35,2.56,3.63,,1.89
2013-07-19,0.32,1.31,2.5,3.56,,1.91
2013-07-22,0.32,1.32,2.5,3.55,,1.91
2013-07-23,0.33,1.33,2.53,3.58,,1.9
2013-07-24,0.34,1.4,2.61,3.65,,1.87
2013-07-25,0.32,1.38,2.61,3.65,,1.83
2013-07-26,0.31,1.36,2.58,3.61,,1.83
2013-07-29,0.33,1.37,2.61,3.66,,1.81
2013-07-30,0.33,1.39,2.63,3.67,,1.82
2013-07-31,0.31,1.38,2.6,3.64,,1.87
2013-08-01,0.35,1.49,2.74,3.77,0.08,1.94
2013-08-02,0.3,1.36,2.63,3.69,,1.91
2013-08-05,0.32,1.39,2.67,3.73,,1.92
2013-08-06,0.32,1.39,2.67,3.73,,1.94
2013-08-07,0.32,1.38,2.61,3.68,,1.93
2013-08-08,0.3,1.36,2.58,3.65,,1.9
2013-08-09,0.32,1.36,2.57,3.63,,1.91
2013-08-12,0.32,1.39,2.61,3.67,,1.91
2013-08-13,0.34,1.49,2.71,3.75,,1.92
2013-08-14,0.34,1.48,2.71,3.75,,1.86
2013-08-15,0.36,1.54,2.77,3.81,,1.83
2013-08-16,0.36,1.6,2.84,3.86,,1.79
2013-08-19,0.36,1.63,2.88,3.89,,1.76
2013-08-20,0.36,1.57,2.82,3.86,,1.78
2013-08-21,0.38,1.64,2.87,3.9,,1.77
2013-08-22,0.42,1.71,2.9,3.88,,1.77
2013-08-23,0.4,1.66,2.82,3.8,,1.82
2013-08-26,0.41,1.61,2.79,3.77,,1.82
2013-08-27,0.38,1.56,2.72,3.7,,1.86
2013-08-28,0.4,1.62,2.78,3.75,,1.85
2013-08-29,0.39,1.6,2.75,3.7,,1.8
2013-08-30,0.39,1.62,2.78,3.7,,1.78
2013-09-01,,,,,0.08,
2013-09-02,,,,,,
2013-09-03,0.43,1.68,2.86,3.79,,1.76
2013-09-04,0.46,1.74,2.9,3.8,,1.74
2013-09-05,0.52,1.85,2.98,3.88,,1.71
2013-09-06,0.46,1.77,2.94,3.87,,1.71
2013-09-09,0.45,1.71,2.9,3.84,,1.69
2013-09-10,0.5,1.78,2.96,3.88,,1.74
2013-09-11,0.47,1.72,2.93,3.85,,1.76
2013-09-12,0.45,1.72,2.92,3.85,,1.75
2013-09-13,0.45,1.71,2.9,3.84,,1.75
2013-09-16,0.41,1.65,2.88,3.87,,1.76
2013-09-17,0.39,1.62,2.86,3.84,,1.79
2013-09-18,0.34,1.43,2.69,3.75,,1.84
2013-09-19,0.34,1.49,2.76,3.8,,1.83
2013-09-20,0.34,1.5,2.75,3.77,,1.85
2013-09-23,0.35,1.48,2.72,3.73,,1.84
2013-09-24,0.35,1.44,2.67,3.67,,1.77
2013-09-25,0.36,1.41,2.63,3.65,,1.79
2013-09-26,0.34,1.43,2.66,3.69,,1.77
2013-09-27,0.34,1.4,2.64,3.68,,1.76
2013-09-30,0.33,1.39,2.64,3.69,,1.74
2013-10-01,0.33,1.42,2.66,3.72,0.09,1.77
2013-10-02,0.31,1.38,2.63,3.7,,1.8
2013-10-03,0.33,1.36,2.62,3.71,,1.77
2013-10-04,0.33,1.41,2.66,3.73,,1.79
2013-10-07,0.37,1.41,2.65,3.7,,1.79
2013-10-08,0.4,1.43,2.66,3.7,,1.76
2013-10-09,0.37,1.43,2.68,3.73,,1.78
2013-10-10,0.35,1.44,2.71,3.75,,1.81
2013-10-11,0.35,1.42,2.7,3.74,,1.79
2013-10-14,,,,,,
2013-10-15,0.37,1.45,2.75,3.78,,1.79
2013-10-16,0.34,1.41,2.69,3.72,,1.79
2013-10-17,0.33,1.35,2.61,3.66,,1.77
2013-10-18,0.33,1.35,2.6,3.65,,1.78
2013-10-21,0.33,1.38,2.63,3.68,,1.79
2013-10-22,0.31,1.3,2.54,3.61,,1.76
2013-10-23,0.31,1.3,2.51,3.59,,1.76
2013-10-24,0.33,1.32,2.53,3.61,,1.77
2013-10-25,0.32,1.3,2.53,3.6,,1.77
2013-10-28,0.32,1.31,2.54,3.61,,1.79
2013-10-29,0.31,1.29,2.53,3.62,,1.76
2013-10-30,0.33,1.3,2.55,3.63,,1.77
2013-10-31,0.31,1.31,2.57,3.63,,1.74
2013-11-01,0.33,1.37,2.65,3.69,0.08,1.7
2013-11-04,0.32,1.36,2.63,3.7,,1.71
2013-11-05,0.32,1.39,2.69,3.76,,1.72
2013-11-06,0.3,1.34,2.67,3.77,,1.77
2013-11-07,0.29,1.31,2.63,3.71,,1.76
2013-11-08,0.32,1.42,2.77,3.84,,1.77
2013-11-11,,,,,,
2013-11-12,0.34,1.47,2.8,3.86,,1.79
2013-11-13,0.32,1.41,2.75,3.83,,1.79
2013-11-14,0.29,1.34,2.69,3.79,,1.8
2013-11-15,0.31,1.36,2.71,3.8,,1.8
2013-11-18,0.31,1.33,2.67,3.76,,1.8
2013-11-19,0.29,1.37,2.71,3.8,,1.77
2013-11-20,0.28,1.39,2.8,3.9,,1.75
2013-11-21,0.29,1.38,2.79,3.89,,1.76
2013-11-22,0.31,1.37,2.75,3.84,,1.76
2013-11-25,0.3,1.37,2.74,3.83,,1.75
2013-11-26,0.29,1.34,2.71,3.8,,1.71
2013-11-27,0.28,1.36,2.74,3.81,,1.71
2013-11-28,,,,,,
2013-11-29,0.28,1.37,2.75,3.82,,1.69
2013-12-01,,,,,0.09,
2013-12-02,0.3,1.43,2.81,3.86,,1.7
2013-12-03,0.28,1.4,2.79,3.84,,1.69
2013-12-04,0.3,1.45,2.84,3.9,,1.64
2013-12-05,0.3,1.49,2.88,3.92,,1.66
2013-12-06,0.3,1.51,2.88,3.9,,1.65
2013-12-09,0.3,1.5,2.86,3.88,,1.63
2013-12-10,0.3,1.46,2.81,3.83,,1.64
2013-12-11,0.31,1.5,2.86,3.87,,1.65
2013-12-12,0.34,1.55,2.89,3.91,,1.65
2013-12-13,0.34,1.55,2.88,3.88,,1.66
2013-12-16,0.34,1.55,2.89,3.9,,1.68
2013-12-17,0.34,1.52,2.85,3.88,,1.69
2013-12-18,0.32,1.55,2.89,3.9,,1.67
2013-12-19,0.35,1.63,2.94,3.91,,1.75
2013-12-20,0.37,1.66,2.89,3.82,,1.64
2013-12-23,0.38,1.68,2.94,3.85,,1.67
2013-12-24,0.38,1.73,2.99,3.9,,1.68
2013-12-25,,,,,,
2013-12-26,0.42,1.74,3.0,3.92,,1.7
2013-12-27,0.4,1.74,3.02,3.94,,1.68
2013-12-30,0.39,1.71,2.99,3.9,,1.64
2013-12-31,0.38,1.75,3.04,3.96,,1.69
2014-01-01,,,,,0.07,
2014-01-02,0.39,1.72,3.0,3.92,,1.71
2014-01-03,0.41,1.73,3.01,3.93,,1.69
2014-01-06,0.4,1.7,2.98,3.9,,1.75
2014-01-07,0.4,1.69,2.96,3.88,,1.83
2014-01-08,0.43,1.77,3.01,3.9,,1.76
2014-01-09,0.44,1.75,2.97,3.88,,1.83
2014-01-10,0.39,1.64,2.88,3.8,,1.75
2014-01-13,0.39,1.6,2.84,3.77,,1.71
2014-01-14,0.39,1.65,2.88,3.8,,1.76
2014-01-15,0.41,1.68,2.9,3.81,,1.72
2014-01-16,0.41,1.66,2.86,3.77,,1.74
2014-01-17,0.4,1.64,2.84,3.75,,1.72
2014-01-20,,,,,,
2014-01-21,0.4,1.67,2.85,3.74,,1.71
2014-01-22,0.44,1.72,2.87,3.75,,1.79
2014-01-23,0.39,1.62,2.79,3.68,,1.72
2014-01-24,0.37,1.58,2.75,3.64,,1.68
2014-01-27,0.37,1.61,2.78,3.67,,1.72
2014-01-28,0.38,1.59,2.77,3.68,,1.71
2014-01-29,0.36,1.52,2.69,3.62,,1.72
2014-01-30,0.36,1.55,2.72,3.65,,1.76
2014-01-31,0.34,1.49,2.67,3.61,,1.72
2014-02-01,,,,,0.07,
2014-02-03,0.3,1.44,2.61,3.55,,1.7
2014-02-04,0.31,1.46,2.64,3.59,,1.77
2014-02-05,0.32,1.5,2.7,3.66,,1.78
2014-02-06,0.33,1.52,2.73,3.67,,1.82
2014-02-07,0.3,1.47,2.71,3.67,,1.77
2014-02-10,0.32,1.48,2.7,3.66,,1.79
2014-02-11,0.35,1.54,2.75,3.69,,1.8
2014-02-12,0.35,1.59,2.8,3.72,,1.83
2014-02-13,0.32,1.51,2.73,3.7,,1.77
2014-02-14,0.32,1.53,2.75,3.69,,1.67
2014-02-17,,,,,,
2014-02-18,0.31,1.5,2.71,3.68,,1.79
2014-02-19,0.33,1.53,2.73,3.71,,1.78
2014-02-20,0.34,1.57,2.76,3.73,,1.78
2014-02-21,0.33,1.56,2.73,3.69,,1.74
2014-02-24,0.35,1.57,2.75,3.7,,1.78
2014-02-25,0.34,1.53,2.7,3.66,,1.78
2014-02-26,0.33,1.5,2.67,3.63,,1.76
2014-02-27,0.33,1.49,2.65,3.6,,1.81
2014-02-28,0.33,1.51,2.66,3.59,,1.79
2014-03-01,,,,,0.08,
2014-03-03,0.32,1.46,2.6,3.55,,1.78
2014-03-04,0.33,1.54,2.7,3.64,,1.79
2014-03-05,0.33,1.54,2.7,3.64,,1.8
2014-03-06,0.37,1.57,2.74,3.68,,1.84
2014-03-07,0.38,1.65,2.8,3.72,,1.83
2014-03-10,0.37,1.64,2.79,3.73,,1.88
2014-03-11,0.37,1.62,2.77,3.7,,1.86
2014-03-12,0.37,1.59,2.73,3.66,,1.82
2014-03-13,0.34,1.53,2.66,3.6,,1.75
2014-03-14,0.36,1.55,2.65,3.59,,1.74
2014-03-17,0.38,1.58,2.7,3.63,,1.8
2014-03-18,0.36,1.56,2.68,3.62,,1.77
2014-03-19,0.47,1.75,2.78,3.66,,1.73
2014-03-20,0.45,1.73,2.79,3.67,,1.75
2014-03-21,0.45,1.73,2.75,3.61,,1.79
2014-03-24,0.47,1.76,2.74,3.57,,1.79
2014-03-25,0.47,1.76,2.75,3.59,,1.7
2014-03-26,0.45,1.7,2.71,3.55,,1.75
2014-03-27,0.45,1.7,2.69,3.52,,1.73
2014-03-28,0.45,1.74,2.73,3.55,,1.72
2014-03-31,0.44,1.73,2.73,3.56,,1.7
2014-04-01,0.44,1.74,2.77,3.6,0.09,1.71
2014-04-02,0.47,1.8,2.82,3.65,,1.72
2014-04-03,0.46,1.79,2.8,3.62,,1.68
2014-04-04,0.43,1.71,2.74,3.59,,1.71
2014-04-07,0.41,1.68,2.71,3.56,,1.61
2014-04-08,0.4,1.67,2.69,3.54,,1.71
2014-04-09,0.37,1.65,2.71,3.57,,1.7
2014-04-10,0.37,1.59,2.65,3.52,,1.69
2014-04-11,0.37,1.58,2.63,3.48,,1.64
2014-04-14,0.37,1.61,2.65,3.48,,1.71
2014-04-15,0.39,1.63,2.64,3.46,,1.68
2014-04-16,0.39,1.67,2.65,3.45,,1.73
2014-04-17,0.43,1.75,2.73,3.52,,1.95
2014-04-18,,,,,,
2014-04-21,0.42,1.74,2.73,3.52,,1.97
2014-04-22,0.45,1.76,2.73,3.5,,1.98
2014-04-23,0.43,1.73,2.7,3.47,,1.98
2014-04-24,0.43,1.74,2.7,3.46,,1.99
2014-04-25,0.43,1.72,2.68,3.45,,1.96
2014-04-28,0.44,1.73,2.7,3.47,,1.95
2014-04-29,0.44,1.74,2.71,3.49,,1.95
2014-04-30,0.42,1.69,2.67,3.47,,1.96
2014-05-01,0.41,1.66,2.63,3.41,0.09,1.96
2014-05-02,0.42,1.67,2.6,3.37,,1.95
2014-05-05,0.43,1.68,2.63,3.41,,1.92
2014-05-06,0.43,1.68,2.61,3.38,,1.91
2014-05-07,0.41,1.65,2.62,3.4,,1.92
2014-05-08,0.4,1.63,2.61,3.45,,1.93
2014-05-09,0.4,1.63,2.62,3.47,,1.92
2014-05-12,0.41,1.67,2.66,3.49,,1.91
2014-05-13,0.39,1.62,2.61,3.45,,1.89
2014-05-14,0.39,1.57,2.54,3.37,,1.92
2014-05-15,0.38,1.55,2.5,3.33,,1.96
2014-05-16,0.38,1.56,2.52,3.34,,1.94
2014-05-19,0.36,1.56,2.54,3.39,,1.93
2014-05-20,0.35,1.53,2.52,3.38,,1.92
2014-05-21,0.37,1.55,2.54,3.42,,1.95
2014-05-22,0.37,1.57,2.56,3.43,,1.97
2014-05-23,0.37,1.55,2.54,3.4,,1.97
2014-05-26,,,,,,
2014-05-27,0.39,1.56,2.52,3.37,,1.95
2014-05-28,0.37,1.5,2.44,3.29,,1.94
2014-05-29,0.37,1.52,2.45,3.31,,1.96
2014-05-30,0.37,1.54,2.48,3.33,,1.93
2014-06-01,,,,,0.1,
2014-06-02,0.39,1.6,2.54,3.38,,1.93
2014-06-03,0.41,1.65,2.6,3.43,,1.92
2014-06-04,0.41,1.65,2.61,3.45,,1.9
2014-06-05,0.4,1.63,2.59,3.44,,1.92
2014-06-06,0.41,1.66,2.6,3.44,,1.93
2014-06-09,0.43,1.69,2.62,3.45,,1.95
2014-06-10,0.45,1.71,2.64,3.47,,1.94
2014-06-11,0.44,1.7,2.65,3.47,,1.94
2014-06-12,0.42,1.66,2.58,3.41,,1.95
2014-06-13,0.45,1.7,2.6,3.41,,1.93
2014-06-16,0.49,1.71,2.61,3.4,,1.92
2014-06-17,0.51,1.77,2.66,3.44,,1.97
2014-06-18,0.48,1.71,2.61,3.43,,1.98
2014-06-19,0.48,1.71,2.64,3.47,,2.02
2014-06-20,0.5,1.71,2.63,3.44,,2.02
2014-06-23,0.48,1.72,2.63,3.45,,2.03
2014-06-24,0.49,1.7,2.59,3.41,,2.05
2014-06-25,0.48,1.68,2.57,3.38,,2.03
2014-06-26,0.46,1.64,2.53,3.35,,2.02
2014-06-27,0.45,1.64,2.54,3.36,,2.03
2014-06-30,0.47,1.62,2.53,3.34,,2.0
2014-07-01,0.47,1.66,2.58,3.4,0.09,2.0
2014-07-02,0.49,1.71,2.64,3.46,,2.01
2014-07-03,0.52,1.74,2.65,3.47,,2.03
2014-07-04,,,,,,
2014-07-07,0.52,1.74,2.63,3.44,,2.01
2014-07-08,0.51,1.7,2.58,3.38,,1.99
2014-07-09,0.51,1.68,2.57,3.37,,1.98
2014-07-10,0.46,1.66,2.55,3.38,,2.0
2014-07-11,0.48,1.65,2.53,3.34,,1.99
2014-07-14,0.48,1.68,2.55,3.36,,1.99
2014-07-15,0.49,1.7,2.56,3.37,,1.96
2014-07-16,0.5,1.71,2.55,3.35,,1.95
2014-07-17,0.47,1.65,2.47,3.27,,1.97
2014-07-18,0.51,1.69,2.5,3.29,,1.96
2014-07-21,0.51,1.7,2.49,3.26,,1.97
2014-07-22,0.49,1.68,2.48,3.25,,1.93
2014-07-23,0.5,1.67,2.48,3.26,,1.92
2014-07-24,0.53,1.72,2.52,3.3,,1.93
2014-07-25,0.53,1.69,2.48,3.24,,1.95
2014-07-28,0.54,1.73,2.5,3.26,,1.95
2014-07-29,0.54,1.7,2.47,3.22,,1.94
2014-07-30,0.56,1.77,2.57,3.31,,1.96
2014-07-31,0.53,1.76,2.58,3.32,,1.97
2014-08-01,0.47,1.67,2.52,3.29,0.09,1.92
2014-08-04,0.47,1.66,2.51,3.3,,1.9
2014-08-05,0.47,1.66,2.49,3.28,,1.9
2014-08-06,0.48,1.66,2.49,3.27,,1.9
2014-08-07,0.44,1.6,2.43,3.23,,1.89
2014-08-08,0.45,1.62,2.44,3.23,,1.86
2014-08-11,0.47,1.62,2.44,3.24,,1.86
2014-08-12,0.45,1.63,2.46,3.27,,1.87
2014-08-13,0.43,1.59,2.43,3.24,,1.88
2014-08-14,0.42,1.58,2.4,3.2,,1.84
2014-08-15,0.42,1.55,2.34,3.13,,1.83
2014-08-18,0.44,1.58,2.39,3.2,,1.85
2014-08-19,0.46,1.59,2.4,3.21,,1.81
2014-08-20,0.49,1.65,2.43,3.22,,1.83
2014-08-21,0.49,1.64,2.41,3.19,,1.8
2014-08-22,0.53,1.68,2.4,3.16,,1.79
2014-08-25,0.53,1.69,2.39,3.13,,1.78
2014-08-26,0.52,1.68,2.39,3.15,,1.83
2014-08-27,0.51,1.65,2.37,3.11,,1.8
2014-08-28,0.5,1.63,2.34,3.08,,1.77
2014-08-29,0.48,1.63,2.35,3.09,,1.76
2014-09-01,,,,,0.09,
2014-09-02,0.53,1.69,2.42,3.17,,1.76
2014-09-03,0.52,1.69,2.41,3.15,,1.77
2014-09-04,0.54,1.71,2.45,3.21,,1.76
2014-09-05,0.52,1.69,2.46,3.23,,1.77
2014-09-08,0.54,1.72,2.48,3.23,,1.74
2014-09-09,0.56,1.76,2.5,3.23,,1.71
2014-09-10,0.58,1.79,2.54,3.26,,1.69
2014-09-11,0.58,1.79,2.54,3.27,,1.76
2014-09-12,0.58,1.83,2.62,3.35,,1.75
2014-09-15,0.58,1.8,2.6,3.34,,1.73
2014-09-16,0.55,1.78,2.6,3.36,,1.75
2014-09-17,0.59,1.82,2.62,3.37,,1.63
2014-09-18,0.59,1.85,2.63,3.36,,1.56
2014-09-19,0.59,1.83,2.59,3.29,,1.56
2014-09-22,0.58,1.8,2.57,3.28,,1.6
2014-09-23,0.57,1.78,2.54,3.25,,1.63
2014-09-24,0.59,1.82,2.57,3.28,,1.66
2014-09-25,0.56,1.75,2.52,3.22,,1.62
2014-09-26,0.59,1.8,2.54,3.22,,1.59
2014-09-29,0.58,1.77,2.5,3.18,,1.61
2014-09-30,0.58,1.78,2.52,3.21,,1.56
2014-10-01,0.53,1.69,2.42,3.12,0.09,1.6
2014-10-02,0.53,1.7,2.44,3.15,,1.57
2014-10-03,0.57,1.73,2.45,3.13,,1.56
2014-10-06,0.54,1.7,2.43,3.12,,1.55
2014-10-07,0.52,1.64,2.36,3.06,,1.52
2014-10-08,0.46,1.57,2.35,3.07,,1.54
2014-10-09,0.46,1.58,2.34,3.07,,1.52
2014-10-10,0.45,1.55,2.31,3.03,,1.52
2014-10-13,,,,,,
2014-10-14,0.39,1.45,2.21,2.95,,1.41
2014-10-15,0.34,1.37,2.15,2.92,,1.37
2014-10-16,0.35,1.39,2.17,2.94,,1.37
2014-10-17,0.39,1.44,2.22,2.98,,1.43
2014-10-20,0.37,1.41,2.2,2.96,,1.45
2014-10-21,0.38,1.44,2.23,3.0,,1.42
2014-10-22,0.41,1.46,2.25,3.01,,1.47
2014-10-23,0.41,1.52,2.29,3.05,,1.43
2014-10-24,0.41,1.52,2.29,3.05,,1.46
2014-10-27,0.41,1.51,2.27,3.04,,1.44
2014-10-28,0.42,1.53,2.3,3.06,,1.47
2014-10-29,0.48,1.61,2.34,3.06,,1.47
2014-10-30,0.48,1.58,2.32,3.04,,1.49
2014-10-31,0.5,1.62,2.35,3.07,,1.53
2014-11-01,,,,,0.09,
2014-11-03,0.52,1.63,2.36,3.07,,1.55
2014-11-04,0.52,1.63,2.35,3.05,,1.49
2014-11-05,0.52,1.63,2.36,3.06,,1.54
2014-11-06,0.54,1.67,2.39,3.09,,1.58
2014-11-07,0.51,1.6,2.32,3.04,,1.59
2014-11-10,0.55,1.65,2.38,3.09,,1.58
2014-11-11,,,,,,
2014-11-12,0.55,1.65,2.37,3.09,,1.53
2014-11-13,0.53,1.64,2.35,3.08,,1.48
2014-11-14,0.54,1.62,2.32,3.04,,1.45
2014-11-17,0.54,1.64,2.34,3.06,,1.42
2014-11-18,0.53,1.63,2.32,3.05,,1.42
2014-11-19,0.54,1.66,2.36,3.08,,1.39
2014-11-20,0.53,1.64,2.34,3.05,,1.41
2014-11-21,0.53,1.63,2.31,3.02,,1.44
2014-11-24,0.53,1.62,2.3,3.01,,1.43
2014-11-25,0.51,1.58,2.27,2.97,,1.47
2014-11-26,0.53,1.56,2.24,2.95,,1.44
2014-11-27,,,,,,
2014-11-28,0.47,1.49,2.18,2.89,,1.39
2014-12-01,0.49,1.52,2.22,2.95,0.12,1.39
2014-12-02,0.55,1.59,2.28,3.0,,1.36
2014-12-03,0.57,1.61,2.29,2.99,,1.38
2014-12-04,0.55,1.59,2.25,2.94,,1.36
2014-12-05,0.65,1.69,2.31,2.97,,1.35
2014-12-08,0.64,1.67,2.26,2.9,,1.24
2014-12-09,0.64,1.63,2.22,2.87,,1.34
2014-12-10,0.59,1.58,2.18,2.83,,1.27
2014-12-11,0.62,1.62,2.19,2.84,,1.27
2014-12-12,0.56,1.53,2.1,2.75,,1.2
2014-12-15,0.6,1.58,2.12,2.74,,1.17
2014-12-16,0.58,1.53,2.07,2.69,,1.21
2014-12-17,0.62,1.61,2.14,2.74,,1.22
2014-12-18,0.67,1.68,2.22,2.82,,1.2
2014-12-19,0.67,1.66,2.17,2.77,,1.27
2014-12-22,0.71,1.67,2.17,2.75,,1.29
2014-12-23,0.73,1.76,2.26,2.85,,1.3
2014-12-24,0.73,1.76,2.27,2.83,,1.26
2014-12-25,,,,,,
2014-12-26,0.73,1.75,2.25,2.81,,1.26
2014-12-29,0.72,1.72,2.22,2.78,,1.22
2014-12-30,0.69,1.68,2.2,2.76,,1.21
2014-12-31,0.67,1.65,2.17,2.75,,1.27
2015-01-01,,,,,0.11,
2015-01-02,0.66,1.61,2.12,2.69,,1.3
2015-01-05,0.68,1.57,2.04,2.6,,1.25
2015-01-06,0.65,1.5,1.97,2.52,,1.16
2015-01-07,0.62,1.47,1.96,2.52,,1.16
2015-01-08,0.62,1.5,2.03,2.59,,1.21
2015-01-09,0.59,1.45,1.98,2.55,,1.2
2015-01-12,0.56,1.39,1.92,2.49,,1.16
2015-01-13,0.54,1.37,1.91,2.49,,1.05
2015-01-14,0.51,1.33,1.86,2.47,,1.18
2015-01-15,0.44,1.22,1.77,2.4,,1.18
2015-01-16,0.49,1.29,1.83,2.44,,1.19
2015-01-19,,,,,,
2015-01-20,0.53,1.31,1.82,2.39,,1.19
2015-01-21,0.53,1.35,1.87,2.44,,1.17
2015-01-22,0.53,1.39,1.9,2.46,,1.19
2015-01-23,0.52,1.33,1.81,2.38,,1.21
2015-01-26,0.54,1.36,1.83,2.4,,1.24
2015-01-27,0.54,1.34,1.83,2.4,,1.29
2015-01-28,0.5,1.25,1.73,2.29,,1.24
2015-01-29,0.51,1.28,1.77,2.33,,1.31
2015-01-30,0.47,1.18,1.68,2.25,,1.29
2015-02-01,,,,,0.11,
2015-02-02,0.49,1.19,1.68,2.25,,1.32
2015-02-03,0.52,1.28,1.79,2.37,,1.4
2015-02-04,0.52,1.29,1.81,2.39,,1.35
2015-02-05,0.52,1.3,1.83,2.42,,1.38
2015-02-06,0.65,1.48,1.95,2.51,,1.36
2015-02-09,0.65,1.49,1.96,2.52,,1.36
2015-02-10,0.67,1.52,2.01,2.58,,1.32
2015-02-11,0.67,1.53,2.0,2.57,,1.32
2015-02-12,0.61,1.5,1.99,2.58,,1.37
2015-02-13,0.66,1.53,2.02,2.63,,1.32
2015-02-16,,,,,,
2015-02-17,0.7,1.62,2.14,2.73,,1.33
2015-02-18,0.62,1.52,2.07,2.7,,1.32
2015-02-19,0.67,1.58,2.11,2.73,,1.35
2015-02-20,0.67,1.61,2.13,2.73,,1.37
2015-02-23,0.64,1.56,2.06,2.66,,1.34
2015-02-24,0.6,1.47,1.99,2.6,,1.33
2015-02-25,0.61,1.47,1.96,2.56,,1.36
2015-02-26,0.66,1.54,2.03,2.63,,1.49
2015-02-27,0.63,1.5,2.0,2.6,,1.49
2015-03-01,,,,,0.11,
2015-03-02,0.66,1.57,2.08,2.68,,1.54
2015-03-03,0.68,1.61,2.12,2.71,,1.57
2015-03-04,0.66,1.6,2.12,2.72,,1.61
2015-03-05,0.65,1.57,2.11,2.71,,1.53
2015-03-06,0.73,1.7,2.24,2.83,,1.55
2015-03-09,0.7,1.66,2.2,2.8,,1.47
2015-03-10,0.7,1.62,2.14,2.73,,1.36
2015-03-11,0.7,1.6,2.11,2.69,,1.45
2015-03-12,0.67,1.59,2.1,2.69,,1.41
2015-03-13,0.68,1.6,2.13,2.7,,1.4
2015-03-16,0.66,1.57,2.1,2.67,,1.27
2015-03-17,0.7,1.56,2.06,2.61,,1.34
2015-03-18,0.57,1.41,1.93,2.51,,1.33
2015-03-19,0.63,1.48,1.98,2.54,,1.49
2015-03-20,0.6,1.42,1.93,2.5,,1.5
2015-03-23,0.6,1.41,1.92,2.51,,1.48
2015-03-24,0.58,1.37,1.88,2.46,,1.53
2015-03-25,0.59,1.41,1.93,2.5,,1.56
2015-03-26,0.61,1.47,2.01,2.6,,1.57
2015-03-27,0.58,1.42,1.95,2.53,,1.54
2015-03-30,0.58,1.41,1.96,2.55,,1.49
2015-03-31,0.56,1.37,1.94,2.54,,1.51
2015-04-01,0.55,1.32,1.87,2.47,0.12,1.58
2015-04-02,0.55,1.35,1.92,2.53,,1.56
2015-04-03,0.49,1.26,1.85,2.49,,1.58
2015-04-06,0.51,1.31,1.92,2.57,,1.6
2015-04-07,0.52,1.32,1.89,2.52,,1.6
2015-04-08,0.54,1.35,1.92,2.53,,1.58
2015-04-09,0.56,1.4,1.97,2.61,,1.59
2015-04-10,0.57,1.41,1.96,2.58,,1.56
2015-04-13,0.54,1.38,1.94,2.58,,1.55
2015-04-14,0.53,1.34,1.9,2.54,,1.55
2015-04-15,0.51,1.33,1.91,2.55,,1.59
2015-04-16,0.5,1.31,1.9,2.56,,1.58
2015-04-17,0.51,1.31,1.87,2.51,,1.65
2015-04-20,0.55,1.33,1.9,2.56,,1.6
2015-04-21,0.55,1.35,1.92,2.58,,1.59
2015-04-22,0.57,1.41,1.99,2.66,,1.6
2015-04-23,0.55,1.37,1.96,2.63,,1.7
2015-04-24,0.54,1.34,1.93,2.62,,1.71
2015-04-27,0.54,1.36,1.94,2.61,,1.71
2015-04-28,0.56,1.39,2.0,2.68,,1.69
2015-04-29,0.56,1.43,2.06,2.76,,1.7
2015-04-30,0.58,1.43,2.05,2.75,,1.72
2015-05-01,0.6,1.5,2.12,2.82,0.12,1.72
2015-05-04,0.6,1.51,2.16,2.88,,1.69
2015-05-05,0.62,1.54,2.19,2.9,,1.72
2015-05-06,0.65,1.58,2.25,2.98,,1.69
2015-05-07,0.63,1.55,2.18,2.9,,1.66
2015-05-08,0.59,1.5,2.16,2.9,,1.66
2015-05-11,0.62,1.59,2.28,3.03,,1.64
2015-05-12,0.61,1.58,2.28,3.02,,1.65
2015-05-13,0.59,1.57,2.27,3.07,,1.67
2015-05-14,0.56,1.51,2.23,3.03,,1.65
2015-05-15,0.55,1.46,2.14,2.93,,1.62
2015-05-18,0.58,1.54,2.23,3.02,,1.64
2015-05-19,0.63,1.6,2.27,3.05,,1.62
2015-05-20,0.6,1.57,2.26,3.06,,1.65
2015-05-21,0.6,1.53,2.19,2.98,,1.63
2015-05-22,0.64,1.57,2.21,2.99,,1.65
2015-05-25,,,,,,
2015-05-26,0.64,1.54,2.14,2.89,,1.59
2015-05-27,0.64,1.53,2.14,2.88,,1.54
2015-05-28,0.62,1.51,2.13,2.89,,1.53
2015-05-29,0.61,1.49,2.12,2.88,,1.57
2015-06-01,0.64,1.55,2.19,2.94,0.13,1.55
2015-06-02,0.64,1.61,2.27,3.02,,1.59
2015-06-03,0.69,1.69,2.38,3.11,,1.59
2015-06-04,0.66,1.65,2.31,3.03,,1.59
2015-06-05,0.73,1.75,2.41,3.11,,1.64
2015-06-08,0.7,1.72,2.39,3.11,,1.63
2015-06-09,0.72,1.74,2.42,3.15,,1.65
2015-06-10,0.75,1.8,2.5,3.22,,1.66
2015-06-11,0.73,1.74,2.39,3.11,,1.63
2015-06-12,0.74,1.75,2.39,3.1,,1.64
2015-06-15,0.72,1.71,2.36,3.09,,1.64
2015-06-16,0.71,1.68,2.32,3.06,,1.67
2015-06-17,0.67,1.63,2.32,3.09,,1.69
2015-06-18,0.66,1.65,2.35,3.14,,1.67
2015-06-19,0.65,1.59,2.26,3.05,,1.63
2015-06-22,0.68,1.68,2.37,3.16,,1.65
2015-06-23,0.7,1.71,2.42,3.2,,1.67
2015-06-24,0.68,1.69,2.38,3.16,,1.64
2015-06-25,0.68,1.7,2.4,3.16,,1.63
2015-06-26,0.72,1.75,2.49,3.25,,1.66
2015-06-29,0.64,1.62,2.33,3.09,,1.59
2015-06-30,0.64,1.63,2.35,3.11,,1.61
2015-07-01,0.69,1.7,2.43,3.2,0.13,1.6
2015-07-02,0.64,1.64,2.4,3.19,,1.62
2015-07-03,,,,,,
2015-07-06,0.6,1.56,2.3,3.08,,1.57
2015-07-07,0.58,1.55,2.27,3.04,,1.57
2015-07-08,0.55,1.5,2.22,2.99,,1.54
2015-07-09,0.6,1.58,2.32,3.11,,1.56
2015-07-10,0.65,1.68,2.42,3.2,,1.58
2015-07-13,0.69,1.71,2.44,3.21,,1.56
2015-07-14,0.66,1.67,2.41,3.2,,1.55
2015-07-15,0.64,1.63,2.36,3.13,,1.53
2015-07-16,0.67,1.66,2.36,3.11,,1.52
2015-07-17,0.68,1.67,2.34,3.08,,1.5
2015-07-20,0.71,1.72,2.38,3.1,,1.49
2015-07-21,0.71,1.69,2.35,3.08,,1.49
2015-07-22,0.75,1.69,2.33,3.04,,1.48
2015-07-23,0.71,1.65,2.28,2.98,,1.45
2015-07-24,0.7,1.64,2.27,2.96,,1.4
2015-07-27,0.68,1.58,2.23,2.93,,1.35
2015-07-28,0.69,1.61,2.26,2.96,,1.38
2015-07-29,0.7,1.62,2.29,2.99,,1.4
2015-07-30,0.72,1.62,2.28,2.96,,1.4
2015-07-31,0.67,1.54,2.2,2.92,,1.36
2015-08-01,,,,,0.14,
2015-08-03,0.68,1.52,2.16,2.86,,1.31
2015-08-04,0.74,1.6,2.23,2.9,,1.31
2015-08-05,0.73,1.65,2.28,2.94,,1.31
2015-08-06,0.71,1.62,2.23,2.9,,1.31
2015-08-07,0.73,1.59,2.18,2.83,,1.28
2015-08-10,0.73,1.62,2.24,2.89,,1.3
2015-08-11,0.68,1.53,2.15,2.81,,1.27
2015-08-12,0.67,1.52,2.14,2.84,,1.27
2015-08-13,0.72,1.58,2.19,2.86,,1.24
2015-08-14,0.73,1.61,2.2,2.84,,1.25
2015-08-17,0.72,1.58,2.16,2.81,,1.22
2015-08-18,0.74,1.6,2.2,2.87,,1.21
2015-08-19,0.67,1.5,2.12,2.81,,1.17
2015-08-20,0.69,1.5,2.09,2.76,,1.17
2015-08-21,0.64,1.44,2.05,2.74,,1.13
2015-08-24,0.59,1.39,2.01,2.73,,1.11
2015-08-25,0.67,1.48,2.12,2.84,,1.15
2015-08-26,0.67,1.49,2.18,2.94,,1.13
2015-08-27,0.68,1.49,2.18,2.93,,1.2
2015-08-28,0.72,1.52,2.19,2.92,,1.22
2015-08-31,0.74,1.54,2.21,2.95,,1.26
2015-09-01,0.7,1.49,2.17,2.93,0.14,1.18
2015-09-02,0.72,1.52,2.2,2.97,,1.19
2015-09-03,0.71,1.49,2.18,2.95,,1.16
2015-09-04,0.71,1.47,2.13,2.89,,1.14
2015-09-07,,,,,,
2015-09-08,0.74,1.53,2.2,2.97,,1.15
2015-09-09,0.75,1.53,2.21,2.96,,1.15
2015-09-10,0.75,1.55,2.23,2.98,,1.21
2015-09-11,0.71,1.52,2.2,2.95,,1.21
2015-09-14,0.73,1.51,2.18,2.95,,1.19
2015-09-15,0.82,1.61,2.28,3.06,,1.2
2015-09-16,0.82,1.62,2.3,3.08,,1.21
2015-09-17,0.7,1.5,2.21,3.02,,1.24
2015-09-18,0.69,1.45,2.13,2.93,,1.19
2015-09-21,0.72,1.51,2.2,3.02,,1.19
2015-09-22,0.69,1.44,2.14,2.94,,1.15
2015-09-23,0.7,1.47,2.16,2.95,,1.16
2015-09-24,0.67,1.44,2.13,2.91,,1.11
2015-09-25,0.7,1.48,2.17,2.96,,1.11
2015-09-28,0.67,1.42,2.1,2.87,,1.02
2015-09-29,0.64,1.37,2.05,2.85,,1.03
2015-09-30,0.64,1.37,2.06,2.87,,1.07
2015-10-01,0.64,1.37,2.05,2.85,0.12,1.13
2015-10-02,0.58,1.29,1.99,2.82,,1.15
2015-10-05,0.61,1.35,2.07,2.9,,1.18
2015-10-06,0.61,1.34,2.05,2.88,,1.22
2015-10-07,0.65,1.37,2.08,2.89,,1.22
2015-10-08,0.65,1.4,2.12,2.96,,1.26
2015-10-09,0.65,1.41,2.12,2.94,,1.22
2015-10-12,,,,,,
2015-10-13,0.64,1.36,2.06,2.89,,1.18
2015-10-14,0.57,1.29,1.99,2.84,,1.15
2015-10-15,0.61,1.34,2.04,2.87,,1.18
2015-10-16,0.61,1.36,2.04,2.87,,1.18
2015-10-19,0.61,1.35,2.04,2.89,,1.13
2015-10-20,0.66,1.4,2.08,2.92,,1.16
2015-10-21,0.64,1.37,2.04,2.87,,1.13
2015-10-22,0.61,1.36,2.04,2.87,,1.14
2015-10-23,0.66,1.43,2.09,2.9,,1.19
2015-10-26,0.66,1.41,2.07,2.87,,1.16
2015-10-27,0.65,1.38,2.05,2.86,,1.15
2015-10-28,0.73,1.47,2.1,2.87,,1.14
2015-10-29,0.75,1.53,2.19,2.96,,1.19
2015-10-30,0.75,1.52,2.16,2.93,,1.2
2015-11-01,,,,,0.12,
2015-11-02,0.77,1.57,2.2,2.95,,1.23
2015-11-03,0.8,1.59,2.23,3.0,,1.27
2015-11-04,0.84,1.64,2.25,3.0,,1.26
2015-11-05,0.85,1.65,2.26,3.01,,1.23
2015-11-06,0.9,1.73,2.34,3.09,,1.25
2015-11-09,0.89,1.75,2.36,3.12,,1.28
2015-11-10,0.87,1.72,2.32,3.1,,1.25
2015-11-11,,,,,,
2015-11-12,0.89,1.73,2.32,3.09,,1.24
2015-11-13,0.86,1.67,2.28,3.06,,1.21
2015-11-16,0.88,1.66,2.27,3.07,,1.2
2015-11-17,0.86,1.66,2.25,3.04,,1.23
2015-11-18,0.9,1.69,2.27,3.04,,1.25
2015-11-19,0.91,1.68,2.24,3.0,,1.27
2015-11-20,0.93,1.7,2.26,3.02,,1.31
2015-11-23,0.94,1.7,2.25,3.0,,1.33
2015-11-24,0.93,1.66,2.24,3.0,,1.33
2015-11-25,0.93,1.66,2.23,3.0,,1.31
2015-11-26,,,,,,
2015-11-27,0.92,1.64,2.22,3.0,,1.31
2015-11-30,0.94,1.65,2.21,2.98,,1.3
2015-12-01,0.91,1.59,2.15,2.91,0.24,1.29
2015-12-02,0.94,1.63,2.18,2.91,,1.27
2015-12-03,0.96,1.74,2.33,3.07,,1.33
2015-12-04,0.96,1.71,2.28,3.01,,1.3
2015-12-07,0.94,1.67,2.23,2.95,,1.25
2015-12-08,0.94,1.68,2.24,2.97,,1.25
2015-12-09,0.93,1.64,2.22,2.97,,1.21
2015-12-10,0.95,1.68,2.24,2.98,,1.2
2015-12-11,0.88,1.56,2.13,2.87,,1.17
2015-12-14,0.97,1.66,2.23,2.96,,1.17
2015-12-15,0.98,1.71,2.28,3.0,,1.22
2015-12-16,1.02,1.75,2.3,3.02,,1.2
2015-12-17,1.0,1.73,2.24,2.94,,1.21
2015-12-18,0.97,1.67,2.19,2.9,,1.21
2015-12-21,0.96,1.67,2.2,2.92,,1.19
2015-12-22,0.99,1.71,2.24,2.96,,1.19
2015-12-23,1.01,1.74,2.27,3.0,,1.25
2015-12-24,1.03,1.73,2.25,2.96,,1.23
2015-12-25,,,,,,
2015-12-28,1.05,1.73,2.24,2.95,,1.24
2015-12-29,1.09,1.81,2.32,3.04,,1.28
2015-12-30,1.08,1.8,2.31,3.04,,1.28
2015-12-31,1.06,1.76,2.27,3.01,,1.31
2016-01-01,,,,,0.34,
2016-01-04,1.02,1.73,2.24,2.98,,1.31
2016-01-05,1.04,1.73,2.25,3.01,,1.31
2016-01-06,0.99,1.65,2.18,2.94,,1.26
2016-01-07,0.96,1.61,2.16,2.92,,1.25
2016-01-08,0.94,1.57,2.13,2.91,,1.23
2016-01-11,0.94,1.58,2.17,2.96,,1.19
2016-01-12,0.93,1.55,2.12,2.89,,1.19
2016-01-13,0.91,1.51,2.08,2.85,,1.18
2016-01-14,0.9,1.52,2.1,2.9,,1.2
2016-01-15,0.85,1.46,2.03,2.81,,1.12
2016-01-18,,,,,,
2016-01-19,0.88,1.49,2.06,2.82,,1.16
2016-01-20,0.85,1.44,2.01,2.77,,1.1
2016-01-21,0.84,1.44,2.02,2.79,,1.08
2016-01-22,0.88,1.49,2.07,2.83,,1.15
2016-01-25,0.88,1.47,2.03,2.8,,1.15
2016-01-26,0.85,1.45,2.01,2.79,,1.17
2016-01-27,0.84,1.43,2.02,2.8,,1.18
2016-01-28,0.83,1.4,2.0,2.79,,1.2
2016-01-29,0.76,1.33,1.94,2.75,,1.19
2016-02-01,0.81,1.38,1.97,2.77,0.38,1.2
2016-02-02,0.75,1.28,1.87,2.67,,1.14
2016-02-03,0.72,1.27,1.88,2.7,,1.16
2016-02-04,0.7,1.25,1.87,2.7,,1.13
2016-02-05,0.74,1.25,1.86,2.68,,1.07
2016-02-08,0.66,1.16,1.75,2.56,,0.97
2016-02-09,0.69,1.15,1.74,2.55,,0.93
2016-02-10,0.71,1.15,1.71,2.53,,0.95
2016-02-11,0.64,1.11,1.63,2.5,,0.94
2016-02-12,0.71,1.2,1.74,2.6,,1.03
2016-02-15,,,,,,
2016-02-16,0.74,1.23,1.78,2.64,,1.03
2016-02-17,0.74,1.26,1.81,2.68,,1.04
2016-02-18,0.71,1.21,1.75,2.62,,1.02
2016-02-19,0.76,1.24,1.76,2.61,,1.06
2016-02-22,0.78,1.25,1.77,2.62,,1.11
2016-02-23,0.76,1.23,1.74,2.6,,1.13
2016-02-24,0.75,1.21,1.75,2.61,,1.15
2016-02-25,0.72,1.16,1.71,2.58,,1.18
2016-02-26,0.8,1.23,1.76,2.63,,1.2
2016-02-29,0.78,1.22,1.74,2.61,,1.23
2016-03-01,0.85,1.31,1.83,2.7,0.36,1.29
2016-03-02,0.85,1.34,1.84,2.69,,1.34
2016-03-03,0.85,1.33,1.83,2.65,,1.36
2016-03-04,0.88,1.38,1.88,2.7,,1.36
2016-03-07,0.91,1.42,1.91,2.71,,1.36
2016-03-08,0.88,1.34,1.83,2.63,,1.33
2016-03-09,0.9,1.39,1.9,2.68,,1.37
2016-03-10,0.93,1.45,1.93,2.7,,1.35
2016-03-11,0.97,1.49,1.98,2.75,,1.41
2016-03-14,0.97,1.49,1.97,2.74,,1.38
2016-03-15,0.98,1.5,1.97,2.73,,1.35
2016-03-16,0.87,1.41,1.94,2.73,,1.45
2016-03-17,0.87,1.39,1.91,2.69,,1.46
2016-03-18,0.84,1.34,1.88,2.68,,1.47
2016-03-21,0.87,1.38,1.92,2.72,,1.5
2016-03-22,0.91,1.42,1.94,2.72,,1.48
2016-03-23,0.87,1.37,1.88,2.65,,1.44
2016-03-24,0.89,1.39,1.91,2.67,,1.42
2016-03-25,,,,,,
2016-03-28,0.89,1.37,1.89,2.66,,1.4
2016-03-29,0.78,1.29,1.81,2.6,,1.47
2016-03-30,0.76,1.26,1.83,2.65,,1.52
2016-03-31,0.73,1.21,1.78,2.61,,1.49
2016-04-01,0.76,1.24,1.79,2.62,0.37,1.49
2016-04-04,0.75,1.22,1.78,2.6,,1.48
2016-04-05,0.72,1.17,1.73,2.54,,1.43
2016-04-06,0.73,1.2,1.76,2.58,,1.43
2016-04-07,0.7,1.14,1.7,2.52,,1.41
2016-04-08,0.7,1.16,1.72,2.55,,1.43
2016-04-11,0.7,1.16,1.73,2.56,,1.41
2016-04-12,0.74,1.22,1.79,2.61,,1.39
2016-04-13,0.75,1.22,1.77,2.58,,1.43
2016-04-14,0.77,1.26,1.8,2.61,,1.42
2016-04-15,0.74,1.22,1.76,2.56,,1.42
2016-04-18,0.75,1.24,1.78,2.58,,1.41
2016-04-19,0.77,1.26,1.79,2.6,,1.46
2016-04-20,0.8,1.32,1.85,2.66,,1.49
2016-04-21,0.82,1.35,1.88,2.69,,1.56
2016-04-22,0.84,1.37,1.89,2.7,,1.56
2016-04-25,0.85,1.38,1.91,2.72,,1.56
2016-04-26,0.86,1.4,1.94,2.76,,1.56
2016-04-27,0.83,1.33,1.87,2.71,,1.57
2016-04-28,0.78,1.28,1.84,2.68,,1.61
2016-04-29,0.77,1.28,1.83,2.66,,1.6
2016-05-01,,,,,0.37,
2016-05-02,0.8,1.32,1.88,2.71,,1.58
2016-05-03,0.75,1.25,1.81,2.66,,1.54
2016-05-04,0.75,1.23,1.79,2.64,,1.52
2016-05-05,0.72,1.2,1.76,2.6,,1.52
2016-05-06,0.74,1.23,1.79,2.62,,1.51
2016-05-09,0.72,1.2,1.77,2.61,,1.5
2016-05-10,0.72,1.2,1.77,2.61,,1.53
2016-05-11,0.74,1.2,1.73,2.58,,1.53
2016-05-12,0.76,1.24,1.75,2.6,,1.53
2016-05-13,0.76,1.22,1.71,2.55,,1.52
2016-05-16,0.79,1.26,1.75,2.59,,1.53
2016-05-17,0.82,1.29,1.76,2.59,,1.56
2016-05-18,0.9,1.41,1.87,2.67,,1.54
2016-05-19,0.89,1.38,1.85,2.64,,1.51
2016-05-20,0.89,1.38,1.85,2.63,,1.51
2016-05-23,0.91,1.38,1.84,2.63,,1.49
2016-05-24,0.92,1.41,1.86,2.65,,1.51
2016-05-25,0.92,1.4,1.87,2.67,,1.51
2016-05-26,0.87,1.35,1.83,2.64,,1.51
2016-05-27,0.9,1.39,1.85,2.65,,1.51
2016-05-30,,,,,,
2016-05-31,0.87,1.37,1.84,2.64,,1.47
2016-06-01,0.91,1.39,1.85,2.63,0.38,1.47
2016-06-02,0.89,1.36,1.81,2.58,,1.48
2016-06-03,0.78,1.23,1.71,2.52,,1.45
2016-06-06,0.8,1.25,1.73,2.55,,1.49
2016-06-07,0.78,1.23,1.72,2.54,,1.51
2016-06-08,0.78,1.23,1.71,2.51,,1.54
2016-06-09,0.77,1.22,1.68,2.48,,1.53
2016-06-10,0.73,1.17,1.64,2.44,,1.49
2016-06-13,0.73,1.14,1.62,2.43,,1.45
2016-06-14,0.74,1.15,1.62,2.43,,1.45
2016-06-15,0.69,1.1,1.6,2.43,,1.47
2016-06-16,0.7,1.1,1.57,2.39,,1.42
2016-06-17,0.7,1.13,1.62,2.43,,1.43
2016-06-20,0.74,1.17,1.67,2.47,,1.43
2016-06-21,0.76,1.22,1.71,2.5,,1.41
2016-06-22,0.75,1.2,1.69,2.5,,1.41
2016-06-23,0.78,1.25,1.74,2.55,,1.47
2016-06-24,0.64,1.08,1.57,2.42,,1.36
2016-06-27,0.61,1.0,1.46,2.28,,1.27
2016-06-28,0.61,1.0,1.46,2.27,,1.32
2016-06-29,0.62,1.03,1.5,2.3,,1.36
2016-06-30,0.58,1.01,1.49,2.3,,1.38
2016-07-01,0.59,1.0,1.46,2.24,0.39,1.43
2016-07-04,,,,,,
2016-07-05,0.56,0.94,1.37,2.14,,1.39
2016-07-06,0.58,0.95,1.38,2.14,,1.41
2016-07-07,0.58,0.97,1.4,2.14,,1.41
2016-07-08,0.61,0.95,1.37,2.11,,1.39
2016-07-11,0.66,1.03,1.43,2.14,,1.41
2016-07-12,0.69,1.1,1.53,2.24,,1.46
2016-07-13,0.68,1.07,1.48,2.18,,1.43
2016-07-14,0.68,1.1,1.53,2.25,,1.44
2016-07-15,0.71,1.15,1.6,2.3,,1.44
2016-07-18,0.68,1.14,1.59,2.3,,1.41
2016-07-19,0.7,1.12,1.56,2.27,,1.39
2016-07-20,0.73,1.15,1.59,2.3,,1.4
2016-07-21,0.7,1.11,1.57,2.29,,1.38
2016-07-22,0.71,1.13,1.57,2.29,,1.36
2016-07-25,0.72,1.15,1.58,2.29,,1.34
2016-07-26,0.75,1.15,1.57,2.28,,1.33
2016-07-27,0.73,1.1,1.52,2.23,,1.31
2016-07-28,0.72,1.09,1.52,2.23,,1.33
2016-07-29,0.67,1.03,1.46,2.18,,1.31
2016-08-01,0.67,1.06,1.51,2.24,0.4,1.27
2016-08-02,0.67,1.07,1.55,2.29,,1.25
2016-08-03,0.67,1.07,1.55,2.29,,1.28
2016-08-04,0.64,1.03,1.51,2.25,,1.3
2016-08-05,0.72,1.13,1.59,2.32,,1.33
2016-08-08,0.74,1.15,1.59,2.3,,1.34
2016-08-09,0.71,1.11,1.55,2.25,,1.3
2016-08-10,0.69,1.07,1.5,2.23,,1.27
2016-08-11,0.76,1.16,1.57,2.28,,1.32
2016-08-12,0.71,1.1,1.51,2.23,,1.29
2016-08-15,0.72,1.14,1.55,2.27,,1.3
2016-08-16,0.76,1.16,1.57,2.29,,1.28
2016-08-17,0.74,1.15,1.56,2.27,,1.31
2016-08-18,0.71,1.12,1.53,2.26,,1.32
2016-08-19,0.76,1.17,1.58,2.29,,1.34
2016-08-22,0.76,1.15,1.55,2.24,,1.34
2016-08-23,0.74,1.15,1.55,2.24,,1.34
2016-08-24,0.76,1.13,1.56,2.24,,1.32
2016-08-25,0.78,1.16,1.58,2.27,,1.33
2016-08-26,0.84,1.23,1.62,2.29,,1.31
2016-08-29,0.81,1.18,1.57,2.22,,1.29
2016-08-30,0.8,1.18,1.57,2.23,,1.28
2016-08-31,0.8,1.19,1.58,2.23,,1.27
2016-09-01,0.78,1.18,1.57,2.23,0.4,1.24
2016-09-02,0.8,1.2,1.6,2.28,,1.28
2016-09-05,,,,,,
2016-09-06,0.74,1.13,1.55,2.24,,1.29
2016-09-07,0.74,1.12,1.54,2.23,,1.3
2016-09-08,0.78,1.19,1.61,2.32,,1.34
2016-09-09,0.79,1.23,1.67,2.39,,1.32
2016-09-12,0.79,1.21,1.68,2.4,,1.33
2016-09-13,0.8,1.26,1.73,2.47,,1.31
2016-09-14,0.77,1.21,1.7,2.44,,1.3
2016-09-15,0.74,1.2,1.71,2.48,,1.31
2016-09-16,0.77,1.21,1.7,2.44,,1.34
2016-09-19,0.79,1.22,1.7,2.45,,1.35
2016-09-20,0.79,1.2,1.69,2.43,,1.33
2016-09-21,0.79,1.2,1.66,2.39,,1.37
2016-09-22,0.79,1.18,1.63,2.34,,1.4
2016-09-23,0.77,1.16,1.62,2.34,,1.42
2016-09-26,0.76,1.13,1.59,2.32,,1.4
2016-09-27,0.75,1.12,1.56,2.28,,1.38
2016-09-28,0.75,1.13,1.57,2.29,,1.44
2016-09-29,0.73,1.12,1.56,2.28,,1.44
2016-09-30,0.77,1.14,1.6,2.32,,1.45
2016-10-01,,,,,0.4,
2016-10-03,0.8,1.18,1.63,2.34,,1.47
2016-10-04,0.82,1.22,1.69,2.4,,1.45
2016-10-05,0.85,1.26,1.72,2.44,,1.48
2016-10-06,0.86,1.28,1.75,2.46,,1.49
2016-10-07,0.83,1.26,1.73,2.46,,1.5
2016-10-10,,,,,,
2016-10-11,0.87,1.3,1.77,2.5,,1.51
2016-10-12,0.87,1.31,1.79,2.51,,1.51
2016-10-13,0.85,1.27,1.75,2.48,,1.5
2016-10-14,0.84,1.28,1.8,2.55,,1.53
2016-10-17,0.81,1.26,1.77,2.52,,1.55
2016-10-18,0.82,1.24,1.75,2.51,,1.54
2016-10-19,0.81,1.24,1.76,2.51,,1.56
2016-10-20,0.84,1.26,1.76,2.5,,1.56
2016-10-21,0.84,1.25,1.74,2.48,,1.56
2016-10-24,0.84,1.27,1.77,2.52,,1.53
2016-10-25,0.86,1.29,1.77,2.5,,1.57
2016-10-26,0.86,1.3,1.79,2.53,,1.58
2016-10-27,0.87,1.33,1.85,2.6,,1.57
2016-10-28,0.86,1.33,1.86,2.62,,1.6
2016-10-31,0.86,1.31,1.84,2.58,,1.59
2016-11-01,0.83,1.3,1.83,2.58,0.41,1.59
2016-11-02,0.81,1.26,1.81,2.56,,1.55
2016-11-03,0.81,1.26,1.82,2.6,,1.52
2016-11-04,0.8,1.24,1.79,2.56,,1.52
2016-11-07,0.82,1.29,1.83,2.6,,1.56
2016-11-08,0.87,1.34,1.88,2.63,,1.57
2016-11-09,0.9,1.49,2.07,2.88,,1.67
2016-11-10,0.92,1.56,2.15,2.94,,1.7
2016-11-11,,,,,,
2016-11-14,1.0,1.66,2.23,2.99,,1.65
2016-11-15,1.02,1.68,2.23,2.97,,1.67
2016-11-16,1.0,1.68,2.22,2.92,,1.66
2016-11-17,1.04,1.73,2.29,3.01,,1.71
2016-11-18,1.07,1.8,2.34,3.01,,1.74
2016-11-21,1.08,1.79,2.33,3.0,,1.74
2016-11-22,1.07,1.77,2.31,3.0,,1.75
2016-11-23,1.12,1.83,2.36,3.02,,1.74
2016-11-24,,,,,,
2016-11-25,1.12,1.83,2.36,3.01,,1.74
2016-11-28,1.11,1.8,2.32,2.99,,1.69
2016-11-29,1.09,1.78,2.3,2.95,,1.69
2016-11-30,1.11,1.83,2.37,3.02,,1.77
2016-12-01,1.14,1.9,2.45,3.1,0.54,1.81
2016-12-02,1.11,1.84,2.4,3.08,,1.76
2016-12-05,1.13,1.84,2.39,3.05,,1.79
2016-12-06,1.12,1.84,2.39,3.08,,1.8
2016-12-07,1.1,1.8,2.34,3.02,,1.78
2016-12-08,1.12,1.83,2.4,3.1,,1.83
2016-12-09,1.15,1.89,2.47,3.16,,1.83
2016-12-12,1.15,1.9,2.49,3.16,,1.86
2016-12-13,1.17,1.92,2.48,3.14,,1.86
2016-12-14,1.27,2.02,2.54,3.14,,1.82
2016-12-15,1.29,2.1,2.6,3.16,,1.78
2016-12-16,1.28,2.07,2.6,3.19,,1.75
2016-12-19,1.24,2.03,2.54,3.12,,1.74
2016-12-20,1.25,2.06,2.57,3.15,,1.8
2016-12-21,1.21,2.04,2.55,3.12,,1.74
2016-12-22,1.22,2.04,2.55,3.12,,1.86
2016-12-23,1.22,2.04,2.55,3.12,,1.84
2016-12-26,,,,,,
2016-12-27,1.28,2.07,2.57,3.14,,1.88
2016-12-28,1.26,2.02,2.51,3.09,,1.85
2016-12-29,1.22,1.96,2.49,3.08,,1.81
2016-12-30,1.2,1.93,2.45,3.06,,1.84
2017-01-01,,,,,0.65,
2017-01-02,,,,,,
2017-01-03,1.22,1.94,2.45,3.04,,1.86
2017-01-04,1.24,1.94,2.46,3.05,,1.86
2017-01-05,1.17,1.86,2.37,2.96,,1.83
2017-01-06,1.22,1.92,2.42,3.0,,1.84
2017-01-09,1.21,1.89,2.38,2.97,,1.85
2017-01-10,1.19,1.89,2.38,2.97,,1.84
2017-01-11,1.2,1.89,2.38,2.96,,1.85
2017-01-12,1.18,1.87,2.36,3.01,,1.87
2017-01-13,1.21,1.9,2.4,2.99,,1.85
2017-01-16,,,,,,
2017-01-17,1.17,1.84,2.33,2.93,,1.84
2017-01-18,1.23,1.93,2.42,3.0,,1.86
2017-01-19,1.25,1.97,2.47,3.04,,1.9
2017-01-20,1.2,1.95,2.48,3.05,,1.92
2017-01-23,1.16,1.88,2.41,2.99,,1.86
2017-01-24,1.21,1.94,2.47,3.05,,1.93
2017-01-25,1.23,1.99,2.53,3.1,,1.96
2017-01-26,1.21,1.95,2.51,3.08,,1.94
2017-01-27,1.22,1.94,2.49,3.06,,1.96
2017-01-30,1.22,1.94,2.49,3.08,,1.95
2017-01-31,1.19,1.9,2.45,3.05,,1.94
2017-02-01,1.22,1.93,2.48,3.08,0.66,1.92
2017-02-02,1.21,1.92,2.48,3.09,,1.93
2017-02-03,1.21,1.93,2.49,3.11,,1.91
2017-02-06,1.16,1.86,2.42,3.05,,1.91
2017-02-07,1.16,1.85,2.4,3.02,,1.87
2017-02-08,1.15,1.81,2.34,2.96,,1.82
2017-02-09,1.2,1.88,2.4,3.02,,1.86
2017-02-10,1.2,1.89,2.41,3.01,,1.87
2017-02-13,1.2,1.92,2.43,3.03,,1.87
2017-02-14,1.25,1.98,2.47,3.07,,1.87
2017-02-15,1.27,2.01,2.51,3.09,,1.93
2017-02-16,1.22,1.95,2.45,3.05,,1.9
2017-02-17,1.21,1.92,2.42,3.03,,1.85
2017-02-20,,,,,,
2017-02-21,1.22,1.93,2.43,3.04,,1.87
2017-02-22,1.22,1.92,2.42,3.04,,1.92
2017-02-23,1.18,1.87,2.38,3.02,,1.9
2017-02-24,1.12,1.8,2.31,2.95,,1.9
2017-02-27,1.2,1.87,2.36,2.98,,1.86
2017-02-28,1.22,1.89,2.36,2.97,,1.89
2017-03-01,1.29,1.99,2.46,3.06,0.79,1.84
2017-03-02,1.32,2.03,2.49,3.09,,1.84
2017-03-03,1.32,2.02,2.49,3.08,,1.92
2017-03-06,1.31,2.02,2.49,3.1,,1.9
2017-03-07,1.32,2.05,2.52,3.11,,1.92
2017-03-08,1.36,2.08,2.57,3.15,,1.9
2017-03-09,1.37,2.13,2.6,3.19,,1.89
2017-03-10,1.36,2.11,2.58,3.16,,1.9
2017-03-13,1.4,2.14,2.62,3.2,,1.86
2017-03-14,1.4,2.13,2.6,3.17,,1.88
2017-03-15,1.33,2.02,2.51,3.11,,1.84
2017-03-16,1.35,2.05,2.53,3.14,,1.87
2017-03-17,1.33,2.03,2.5,3.11,,1.89
2017-03-20,1.3,2.0,2.47,3.08,,1.86
2017-03-21,1.27,1.96,2.43,3.04,,1.8
2017-03-22,1.27,1.95,2.4,3.02,,1.79
2017-03-23,1.26,1.95,2.41,3.02,,1.75
2017-03-24,1.26,1.93,2.4,3.0,,1.73
2017-03-27,1.27,1.93,2.38,2.98,,1.75
2017-03-28,1.3,1.97,2.42,3.02,,1.73
2017-03-29,1.26,1.93,2.39,2.99,,1.8
2017-03-30,1.28,1.96,2.42,3.03,,1.81
2017-03-31,1.27,1.93,2.4,3.02,,1.77
2017-04-01,,,,,0.9,
2017-04-03,1.24,1.88,2.35,2.98,,1.73
2017-04-04,1.25,1.88,2.36,2.99,,1.77
2017-04-05,1.24,1.85,2.34,2.98,,1.77
2017-04-06,1.24,1.87,2.34,2.99,,1.71
2017-04-07,1.29,1.92,2.38,3.0,,1.7
2017-04-10,1.29,1.91,2.37,2.99,,1.69
2017-04-11,1.24,1.84,2.32,2.93,,1.7
2017-04-12,1.24,1.81,2.28,2.92,,1.69
2017-04-13,1.21,1.77,2.24,2.89,,1.74
2017-04-14,,,,,,
2017-04-17,1.21,1.79,2.26,2.92,,1.69
2017-04-18,1.18,1.71,2.18,2.84,,1.65
2017-04-19,1.19,1.74,2.21,2.87,,1.66
2017-04-20,1.21,1.78,2.24,2.89,,1.82
2017-04-21,1.2,1.77,2.24,2.89,,1.79
2017-04-24,1.25,1.81,2.28,2.93,,1.81
2017-04-25,1.29,1.87,2.35,2.99,,1.85
2017-04-26,1.28,1.84,2.32,2.97,,1.83
2017-04-27,1.25,1.81,2.3,2.96,,1.81
2017-04-28,1.28,1.81,2.29,2.96,,1.81
2017-05-01,1.28,1.84,2.33,3.0,0.91,1.8
2017-05-02,1.27,1.81,2.29,2.97,,1.77
2017-05-03,1.3,1.86,2.33,2.97,,1.76
2017-05-04,1.32,1.88,2.36,3.0,,1.72
2017-05-05,1.32,1.89,2.36,2.99,,1.75
2017-05-08,1.33,1.91,2.39,3.02,,1.75
2017-05-09,1.37,1.94,2.42,3.04,,1.74
2017-05-10,1.35,1.94,2.41,3.03,,1.78
2017-05-11,1.35,1.93,2.39,3.03,,1.82
2017-05-12,1.29,1.85,2.33,2.98,,1.75
2017-05-15,1.31,1.86,2.34,3.0,,1.74
2017-05-16,1.29,1.86,2.33,2.99,,1.74
2017-05-17,1.26,1.76,2.22,2.91,,1.7
2017-05-18,1.27,1.78,2.23,2.9,,1.72
2017-05-19,1.28,1.79,2.23,2.9,,1.75
2017-05-22,1.29,1.8,2.25,2.91,,1.75
2017-05-23,1.31,1.84,2.29,2.95,,1.77
2017-05-24,1.29,1.79,2.26,2.92,,1.73
2017-05-25,1.3,1.78,2.25,2.92,,1.7
2017-05-26,1.3,1.79,2.25,2.92,,1.73
2017-05-29,,,,,,
2017-05-30,1.28,1.76,2.21,2.88,,1.73
2017-05-31,1.28,1.75,2.21,2.87,,1.72
2017-06-01,1.28,1.76,2.21,2.87,1.04,1.73
2017-06-02,1.28,1.71,2.15,2.8,,1.72
2017-06-05,1.32,1.74,2.18,2.84,,1.72
2017-06-06,1.3,1.71,2.14,2.81,,1.71
2017-06-07,1.32,1.74,2.18,2.84,,1.69
2017-06-08,1.33,1.75,2.19,2.85,,1.69
2017-06-09,1.35,1.77,2.21,2.86,,1.68
2017-06-12,1.35,1.78,2.21,2.86,,1.67
2017-06-13,1.38,1.79,2.21,2.87,,1.67
2017-06-14,1.35,1.74,2.15,2.79,,1.59
2017-06-15,1.35,1.76,2.16,2.78,,1.56
2017-06-16,1.32,1.75,2.16,2.78,,1.56
2017-06-19,1.36,1.8,2.19,2.79,,1.56
2017-06-20,1.36,1.77,2.16,2.74,,1.54
2017-06-21,1.36,1.78,2.16,2.73,,1.54
2017-06-22,1.34,1.76,2.15,2.72,,1.57
2017-06-23,1.34,1.77,2.15,2.71,,1.59
2017-06-26,1.36,1.77,2.14,2.7,,1.61
2017-06-27,1.38,1.83,2.21,2.75,,1.62
2017-06-28,1.34,1.81,2.22,2.77,,1.65
2017-06-29,1.38,1.85,2.27,2.82,,1.62
2017-06-30,1.38,1.89,2.31,2.84,,1.63
2017-07-01,,,,,1.15,
2017-07-03,1.41,1.93,2.35,2.86,,1.66
2017-07-04,,,,,,
2017-07-05,1.41,1.92,2.33,2.85,,1.65
2017-07-06,1.4,1.94,2.37,2.9,,1.66
2017-07-07,1.4,1.95,2.39,2.93,,1.63
2017-07-10,1.4,1.93,2.38,2.93,,1.6
2017-07-11,1.37,1.92,2.37,2.92,,1.61
2017-07-12,1.35,1.88,2.33,2.89,,1.63
2017-07-13,1.37,1.89,2.35,2.92,,1.64
2017-07-14,1.35,1.87,2.33,2.91,,1.62
2017-07-17,1.36,1.86,2.31,2.89,,1.64
2017-07-18,1.36,1.82,2.27,2.85,,1.62
2017-07-19,1.37,1.83,2.27,2.85,,1.65
2017-07-20,1.37,1.82,2.27,2.83,,1.62
2017-07-21,1.36,1.81,2.24,2.81,,1.62
2017-07-24,1.37,1.83,2.26,2.83,,1.62
2017-07-25,1.4,1.9,2.33,2.91,,1.67
2017-07-26,1.36,1.83,2.29,2.89,,1.66
2017-07-27,1.36,1.84,2.32,2.93,,1.68
2017-07-28,1.34,1.83,2.3,2.89,,1.68
2017-07-31,1.34,1.84,2.3,2.89,,1.67
2017-08-01,1.34,1.8,2.26,2.86,1.16,1.62
2017-08-02,1.36,1.82,2.27,2.85,,1.63
2017-08-03,1.34,1.79,2.24,2.81,,1.62
2017-08-04,1.36,1.82,2.27,2.84,,1.65
2017-08-07,1.36,1.81,2.26,2.84,,1.65
2017-08-08,1.36,1.84,2.29,2.86,,1.69
2017-08-09,1.33,1.81,2.24,2.82,,1.7
2017-08-10,1.33,1.78,2.2,2.79,,1.68
2017-08-11,1.3,1.74,2.19,2.79,,1.64
2017-08-14,1.33,1.77,2.22,2.81,,1.59
2017-08-15,1.35,1.83,2.27,2.84,,1.63
2017-08-16,1.33,1.79,2.23,2.81,,1.62
2017-08-17,1.32,1.76,2.19,2.78,,1.61
2017-08-18,1.33,1.77,2.19,2.78,,1.61
2017-08-21,1.32,1.76,2.18,2.77,,1.59
2017-08-22,1.33,1.8,2.22,2.79,,1.61
2017-08-23,1.32,1.76,2.17,2.75,,1.58
2017-08-24,1.33,1.78,2.19,2.77,,1.6
2017-08-25,1.35,1.77,2.17,2.75,,1.57
2017-08-28,1.33,1.74,2.16,2.76,,1.56
2017-08-29,1.33,1.7,2.13,2.74,,1.54
2017-08-30,1.33,1.72,2.15,2.75,,1.57
2017-08-31,1.33,1.7,2.12,2.73,,1.58
2017-09-01,1.35,1.73,2.16,2.77,1.15,1.63
2017-09-04,,,,,,
2017-09-05,1.3,1.65,2.07,2.69,,1.58
2017-09-06,1.3,1.69,2.1,2.72,,1.6
2017-09-07,1.27,1.63,2.05,2.66,,1.61
2017-09-08,1.27,1.64,2.06,2.67,,1.63
2017-09-11,1.32,1.71,2.14,2.75,,1.63
2017-09-12,1.33,1.75,2.17,2.78,,1.67
2017-09-13,1.35,1.78,2.2,2.79,,1.68
2017-09-14,1.37,1.79,2.2,2.77,,1.7
2017-09-15,1.39,1.81,2.2,2.77,,1.72
2017-09-18,1.4,1.83,2.23,2.8,,1.74
2017-09-19,1.4,1.84,2.24,2.81,,1.74
2017-09-20,1.45,1.89,2.28,2.82,,1.71
2017-09-21,1.45,1.89,2.27,2.8,,1.7
2017-09-22,1.46,1.88,2.26,2.8,,1.71
2017-09-25,1.44,1.85,2.22,2.76,,1.72
2017-09-26,1.45,1.87,2.24,2.78,,1.72
2017-09-27,1.47,1.91,2.31,2.86,,1.74
2017-09-28,1.45,1.89,2.31,2.87,,1.73
2017-09-29,1.47,1.92,2.33,2.86,,1.68
2017-10-01,,,,,1.15,
2017-10-02,1.49,1.94,2.34,2.87,,1.73
2017-10-03,1.47,1.92,2.33,2.87,,1.68
2017-10-04,1.47,1.92,2.33,2.87,,1.73
2017-10-05,1.49,1.94,2.35,2.89,,1.74
2017-10-06,1.54,1.97,2.37,2.91,,1.78
2017-10-09,,,,,,
2017-10-10,1.51,1.95,2.35,2.88,,1.75
2017-10-11,1.51,1.95,2.35,2.88,,1.75
2017-10-12,1.51,1.95,2.33,2.86,,1.79
2017-10-13,1.51,1.91,2.28,2.81,,1.71
2017-10-16,1.54,1.95,2.3,2.82,,1.66
2017-10-17,1.54,1.97,2.3,2.8,,1.69
2017-10-18,1.59,1.99,2.34,2.85,,1.69
2017-10-19,1.58,1.98,2.33,2.83,,1.66
2017-10-20,1.6,2.03,2.39,2.89,,1.76
2017-10-23,1.58,2.01,2.38,2.89,,1.69
2017-10-24,1.6,2.05,2.42,2.92,,1.73
2017-10-25,1.61,2.06,2.44,2.95,,1.74
2017-10-26,1.63,2.07,2.46,2.96,,1.76
2017-10-27,1.59,2.03,2.42,2.93,,1.76
2017-10-30,1.58,2.0,2.37,2.88,,1.77
2017-10-31,1.6,2.01,2.38,2.88,,1.79
2017-11-01,1.61,2.01,2.37,2.85,1.16,1.71
2017-11-02,1.61,2.0,2.35,2.83,,1.79
2017-11-03,1.63,1.99,2.34,2.82,,1.74
2017-11-06,1.61,1.99,2.32,2.8,,1.77
2017-11-07,1.63,1.99,2.32,2.77,,1.8
2017-11-08,1.65,2.01,2.32,2.79,,1.77
2017-11-09,1.63,2.01,2.33,2.81,,1.8
2017-11-10,1.67,2.06,2.4,2.88,,1.78
2017-11-13,1.7,2.08,2.4,2.87,,1.79
2017-11-14,1.68,2.06,2.38,2.84,,1.79
2017-11-15,1.68,2.04,2.33,2.77,,1.78
2017-11-16,1.72,2.07,2.37,2.81,,1.79
2017-11-17,1.73,2.06,2.35,2.78,,1.75
2017-11-20,1.77,2.09,2.37,2.78,,1.74
2017-11-21,1.77,2.11,2.36,2.76,,1.75
2017-11-22,1.74,2.05,2.32,2.75,,1.75
2017-11-23,,,,,,
2017-11-24,1.75,2.07,2.34,2.76,,1.71
2017-11-27,1.74,2.06,2.32,2.76,,1.69
2017-11-28,1.75,2.07,2.34,2.77,,1.69
2017-11-29,1.78,2.09,2.37,2.81,,1.69
2017-11-30,1.78,2.14,2.42,2.83,,1.73
2017-12-01,1.78,2.13,2.37,2.76,1.3,1.72
2017-12-04,1.8,2.15,2.37,2.77,,1.76
2017-12-05,1.83,2.15,2.36,2.73,,1.69
2017-12-06,1.78,2.11,2.33,2.71,,1.74
2017-12-07,1.8,2.14,2.37,2.76,,1.74
2017-12-08,1.8,2.14,2.38,2.77,,1.71
2017-12-11,1.82,2.16,2.39,2.77,,1.76
2017-12-12,1.83,2.18,2.4,2.79,,1.78
2017-12-13,1.79,2.12,2.36,2.74,,1.74
2017-12-14,1.82,2.14,2.35,2.71,,1.76
2017-12-15,1.84,2.16,2.35,2.68,,1.77
2017-12-18,1.84,2.17,2.39,2.74,,1.71
2017-12-19,1.87,2.23,2.46,2.82,,1.74
2017-12-20,1.87,2.24,2.49,2.88,,1.74
2017-12-21,1.89,2.26,2.48,2.84,,1.84
2017-12-22,1.91,2.26,2.48,2.83,,1.82
2017-12-25,,,,,,
2017-12-26,1.92,2.25,2.47,2.82,,1.76
2017-12-27,1.89,2.22,2.42,2.75,,1.82
2017-12-28,1.91,2.23,2.43,2.75,,1.86
2017-12-29,1.89,2.2,2.4,2.74,,1.86
2018-01-01,,,,,1.41,
2018-01-02,1.92,2.25,2.46,2.81,,1.9
2018-01-03,1.94,2.25,2.44,2.78,,1.87
2018-01-04,1.96,2.27,2.46,2.79,,1.92
2018-01-05,1.96,2.29,2.47,2.81,,1.95
2018-01-08,1.96,2.29,2.49,2.81,,1.91
2018-01-09,1.98,2.33,2.55,2.88,,1.95
2018-01-10,1.98,2.32,2.55,2.88,,1.94
2018-01-11,1.98,2.32,2.54,2.91,,1.89
2018-01-12,1.99,2.35,2.55,2.85,,1.92
2018-01-15,,,,,,
2018-01-16,2.03,2.36,2.54,2.83,,1.94
2018-01-17,2.05,2.39,2.57,2.84,,1.9
2018-01-18,2.05,2.43,2.62,2.9,,1.99
2018-01-19,2.06,2.45,2.64,2.91,,2.0
2018-01-22,2.08,2.46,2.66,2.93,,2.0
2018-01-23,2.06,2.43,2.63,2.9,,1.92
2018-01-24,2.08,2.43,2.65,2.93,,1.96
2018-01-25,2.08,2.41,2.63,2.89,,1.91
2018-01-26,2.13,2.47,2.66,2.91,,1.93
2018-01-29,2.11,2.49,2.7,2.94,,1.92
2018-01-30,2.13,2.51,2.73,2.98,,1.97
2018-01-31,2.14,2.52,2.72,2.95,,1.98
2018-02-01,2.16,2.56,2.78,3.01,1.42,1.93
2018-02-02,2.15,2.58,2.84,3.08,,1.93
2018-02-05,2.08,2.5,2.77,3.04,,1.95
2018-02-06,2.1,2.52,2.79,3.06,,1.88
2018-02-07,2.15,2.57,2.84,3.12,,1.9
2018-02-08,2.13,2.57,2.85,3.14,,1.89
2018-02-09,2.05,2.52,2.83,3.14,,1.83
2018-02-12,2.09,2.56,2.86,3.14,,1.84
2018-02-13,2.1,2.54,2.83,3.11,,1.88
2018-02-14,2.17,2.65,2.91,3.18,,1.91
2018-02-15,2.19,2.65,2.9,3.15,,2.0
2018-02-16,2.21,2.63,2.87,3.13,,2.0
2018-02-19,,,,,,
2018-02-20,2.25,2.65,2.88,3.15,,2.04
2018-02-21,2.26,2.69,2.94,3.22,,2.06
2018-02-22,2.25,2.66,2.92,3.21,,2.06
2018-02-23,2.25,2.62,2.88,3.16,,2.04
2018-02-26,2.22,2.6,2.86,3.15,,2.07
2018-02-27,2.27,2.67,2.9,3.17,,2.09
2018-02-28,2.25,2.65,2.87,3.13,,2.04
2018-03-01,2.22,2.58,2.81,3.09,1.51,2.03
2018-03-02,2.25,2.63,2.86,3.14,,2.03
2018-03-05,2.24,2.65,2.88,3.16,,2.05
2018-03-06,2.25,2.65,2.88,3.14,,2.1
2018-03-07,2.25,2.65,2.89,3.15,,2.1
2018-03-08,2.25,2.63,2.86,3.13,,2.08
2018-03-09,2.27,2.65,2.9,3.16,,1.96
2018-03-12,2.27,2.64,2.87,3.13,,2.02
2018-03-13,2.26,2.62,2.84,3.1,,2.05
2018-03-14,2.26,2.61,2.81,3.05,,2.04
2018-03-15,2.29,2.62,2.82,3.05,,2.07
2018-03-16,2.31,2.65,2.85,3.08,,2.05
2018-03-19,2.31,2.65,2.85,3.09,,2.04
2018-03-20,2.34,2.69,2.89,3.12,,2.05
2018-03-21,2.31,2.69,2.89,3.12,,1.96
2018-03-22,2.29,2.63,2.83,3.06,,2.03
2018-03-23,2.28,2.61,2.82,3.06,,2.01
2018-03-26,2.33,2.64,2.85,3.08,,2.01
2018-03-27,2.26,2.58,2.78,3.03,,1.94
2018-03-28,2.28,2.59,2.77,3.01,,1.91
2018-03-29,2.27,2.56,2.74,2.97,,1.92
2018-03-30,,,,,,
2018-04-01,,,,,1.69,
2018-04-02,2.25,2.55,2.73,2.97,,1.99
2018-04-03,2.28,2.6,2.79,3.02,,1.99
2018-04-04,2.28,2.61,2.79,3.03,,2.04
2018-04-05,2.3,2.64,2.83,3.07,,1.93
2018-04-06,2.27,2.58,2.77,3.01,,2.01
2018-04-09,2.29,2.6,2.78,3.02,,2.02
2018-04-10,2.32,2.62,2.8,3.02,,2.0
2018-04-11,2.32,2.62,2.79,2.99,,2.06
2018-04-12,2.34,2.67,2.83,3.05,,2.05
2018-04-13,2.37,2.67,2.82,3.03,,2.01
2018-04-16,2.39,2.69,2.83,3.03,,2.08
2018-04-17,2.41,2.68,2.82,3.0,,2.01
2018-04-18,2.42,2.73,2.87,3.06,,2.04
2018-04-19,2.44,2.77,2.92,3.11,,2.12
2018-04-20,2.46,2.8,2.96,3.14,,2.1
2018-04-23,2.49,2.83,2.98,3.15,,2.11
2018-04-24,2.48,2.83,3.0,3.18,,2.1
2018-04-25,2.49,2.84,3.03,3.21,,2.09
2018-04-26,2.49,2.82,3.0,3.18,,2.1
2018-04-27,2.49,2.8,2.96,3.13,,2.09
2018-04-30,2.49,2.79,2.95,3.11,,2.1
2018-05-01,2.5,2.82,2.97,3.13,1.7,2.09
2018-05-02,2.49,2.8,2.97,3.14,,2.09
2018-05-03,2.49,2.78,2.94,3.12,,2.09
2018-05-04,2.51,2.78,2.95,3.12,,2.09
2018-05-07,2.49,2.78,2.95,3.12,,2.11
2018-05-08,2.51,2.81,2.97,3.13,,2.1
2018-05-09,2.54,2.84,3.0,3.16,,2.13
2018-05-10,2.54,2.83,2.97,3.12,,2.12
2018-05-11,2.54,2.84,2.97,3.1,,2.13
2018-05-14,2.55,2.85,3.0,3.13,,2.12
2018-05-15,2.58,2.92,3.08,3.2,,2.15
2018-05-16,2.58,2.94,3.09,3.21,,2.16
2018-05-17,2.57,2.94,3.11,3.25,,2.16
2018-05-18,2.55,2.9,3.06,3.2,,2.14
2018-05-21,2.58,2.9,3.06,3.2,,2.15
2018-05-22,2.59,2.9,3.06,3.21,,2.13
2018-05-23,2.53,2.83,3.01,3.17,,2.12
2018-05-24,2.5,2.82,2.98,3.13,,2.11
2018-05-25,2.48,2.76,2.93,3.09,,2.04
2018-05-28,,,,,,
2018-05-29,2.32,2.58,2.77,2.96,,1.98
2018-05-30,2.42,2.67,2.84,3.01,,2.0
2018-05-31,2.4,2.68,2.83,3.0,,2.03
2018-06-01,2.47,2.74,2.89,3.04,1.82,2.06
2018-06-04,2.52,2.78,2.94,3.08,,2.06
2018-06-05,2.49,2.76,2.92,3.07,,2.05
2018-06-06,2.52,2.81,2.97,3.13,,2.06
2018-06-07,2.5,2.77,2.93,3.08,,2.08
2018-06-08,2.5,2.77,2.93,3.08,,2.06
2018-06-11,2.52,2.8,2.96,3.1,,2.08
2018-06-12,2.54,2.81,2.96,3.09,,2.07
2018-06-13,2.59,2.85,2.98,3.1,,2.09
2018-06-14,2.59,2.81,2.94,3.05,,2.07
2018-06-15,2.55,2.81,2.93,3.05,,2.08
2018-06-18,2.56,2.8,2.92,3.05,,2.08
2018-06-19,2.54,2.77,2.89,3.02,,2.07
2018-06-20,2.56,2.8,2.93,3.06,,2.06
2018-06-21,2.56,2.77,2.9,3.04,,2.05
2018-06-22,2.56,2.77,2.9,3.04,,2.07
2018-06-25,2.54,2.75,2.87,3.02,,2.06
2018-06-26,2.53,2.75,2.88,3.03,,2.07
2018-06-27,2.52,2.71,2.83,2.97,,2.07
2018-06-28,2.52,2.73,2.84,2.97,,2.07
2018-06-29,2.52,2.73,2.85,2.98,,2.06
2018-07-01,,,,,1.91,
2018-07-02,2.57,2.75,2.87,2.99,,2.07
2018-07-03,2.53,2.72,2.83,2.96,,2.08
2018-07-04,,,,,,
2018-07-05,2.55,2.74,2.84,2.95,,2.1
2018-07-06,2.53,2.71,2.82,2.94,,2.08
2018-07-09,2.57,2.75,2.86,2.96,,2.1
2018-07-10,2.59,2.77,2.87,2.97,,2.09
2018-07-11,2.58,2.74,2.85,2.95,,2.07
2018-07-12,2.6,2.75,2.85,2.95,,2.06
2018-07-13,2.59,2.73,2.83,2.94,,2.07
2018-07-16,2.59,2.75,2.85,2.96,,2.05
2018-07-17,2.62,2.76,2.86,2.97,,2.03
2018-07-18,2.6,2.77,2.88,2.99,,2.03
2018-07-19,2.6,2.74,2.84,2.96,,2.01
2018-07-20,2.6,2.77,2.89,3.03,,2.02
2018-07-23,2.64,2.83,2.96,3.1,,2.01
2018-07-24,2.63,2.83,2.95,3.08,,2.0
2018-07-25,2.66,2.82,2.94,3.06,,2.01
2018-07-26,2.69,2.86,2.98,3.1,,2.0
2018-07-27,2.67,2.84,2.96,3.09,,2.0
2018-07-30,2.66,2.85,2.98,3.11,,2.01
2018-07-31,2.67,2.85,2.96,3.08,,2.0
2018-08-01,2.67,2.87,3.0,3.13,1.91,2.0
2018-08-02,2.66,2.85,2.98,3.12,,1.99
2018-08-03,2.63,2.82,2.95,3.09,,2.0
2018-08-06,2.64,2.8,2.94,3.08,,1.98
2018-08-07,2.68,2.84,2.98,3.12,,2.0
2018-08-08,2.68,2.83,2.96,3.12,,1.98
2018-08-09,2.64,2.8,2.93,3.08,,1.97
2018-08-10,2.61,2.75,2.87,3.03,,1.98
2018-08-13,2.61,2.75,2.88,3.05,,1.99
2018-08-14,2.63,2.77,2.89,3.06,,1.99
2018-08-15,2.61,2.73,2.86,3.03,,1.97
2018-08-16,2.63,2.75,2.87,3.03,,1.97
2018-08-17,2.61,2.75,2.87,3.03,,1.96
2018-08-20,2.6,2.7,2.82,2.99,,1.95
2018-08-21,2.61,2.73,2.85,3.0,,1.97
2018-08-22,2.6,2.7,2.82,2.99,,1.96
2018-08-23,2.61,2.72,2.82,2.97,,1.99
2018-08-24,2.63,2.72,2.82,2.97,,1.99
2018-08-27,2.67,2.74,2.85,3.0,,2.0
2018-08-28,2.67,2.77,2.88,3.03,,1.99
2018-08-29,2.67,2.78,2.89,3.02,,2.0
2018-08-30,2.64,2.75,2.86,3.0,,1.99
2018-08-31,2.62,2.74,2.86,3.02,,1.98
2018-09-01,,,,,1.95,
2018-09-03,,,,,,
2018-09-04,2.66,2.78,2.9,3.07,,1.99
2018-09-05,2.66,2.77,2.9,3.08,,1.98
2018-09-06,2.64,2.76,2.88,3.06,,1.97
2018-09-07,2.71,2.82,2.94,3.11,,1.98
2018-09-10,2.73,2.83,2.94,3.09,,1.98
2018-09-11,2.76,2.87,2.98,3.13,,2.01
2018-09-12,2.74,2.87,2.97,3.11,,2.02
2018-09-13,2.76,2.87,2.97,3.11,,1.98
2018-09-14,2.78,2.9,2.99,3.13,,2.0
2018-09-17,2.78,2.89,2.99,3.13,,1.99
2018-09-18,2.81,2.94,3.05,3.2,,2.01
2018-09-19,2.81,2.96,3.08,3.23,,2.02
2018-09-20,2.81,2.96,3.07,3.21,,2.02
2018-09-21,2.81,2.95,3.07,3.2,,2.02
2018-09-24,2.83,2.96,3.08,3.21,,2.03
2018-09-25,2.83,2.99,3.1,3.23,,2.05
2018-09-26,2.83,2.96,3.06,3.19,,2.04
2018-09-27,2.83,2.96,3.06,3.19,,2.04
2018-09-28,2.81,2.94,3.05,3.19,,2.03
2018-10-01,2.82,2.96,3.09,3.24,2.19,2.04
2018-10-02,2.82,2.94,3.05,3.2,,2.03
2018-10-03,2.85,3.02,3.15,3.3,,2.07
2018-10-04,2.87,3.05,3.19,3.35,,2.06
2018-10-05,2.88,3.07,3.23,3.4,,2.05
2018-10-08,,,,,,
2018-10-09,2.88,3.05,3.21,3.37,,2.05
2018-10-10,2.88,3.05,3.22,3.39,,2.04
2018-10-11,2.85,3.0,3.14,3.32,,1.99
2018-10-12,2.85,3.0,3.15,3.32,,1.99
2018-10-15,2.85,3.01,3.16,3.34,,2.0
2018-10-16,2.87,3.02,3.16,3.32,,2.01
2018-10-17,2.89,3.04,3.19,3.35,,2.0
2018-10-18,2.87,3.03,3.17,3.36,,1.99
2018-10-19,2.92,3.05,3.2,3.38,,1.98
2018-10-22,2.92,3.05,3.2,3.38,,1.98
2018-10-23,2.89,3.01,3.17,3.37,,1.94
2018-10-24,2.84,2.94,3.1,3.33,,1.93
2018-10-25,2.86,2.98,3.14,3.35,,1.91
2018-10-26,2.81,2.91,3.08,3.32,,1.93
2018-10-29,2.81,2.91,3.08,3.33,,1.92
2018-10-30,2.84,2.94,3.12,3.36,,1.91
2018-10-31,2.87,2.98,3.15,3.39,,1.9
2018-11-01,2.84,2.96,3.14,3.38,2.2,1.88
2018-11-02,2.91,3.04,3.22,3.46,,1.91
2018-11-05,2.91,3.03,3.2,3.43,,1.91
2018-11-06,2.93,3.05,3.22,3.43,,1.92
2018-11-07,2.96,3.07,3.22,3.43,,1.93
2018-11-08,2.98,3.09,3.24,3.43,,1.92
2018-11-09,2.94,3.05,3.19,3.4,,1.9
2018-11-12,,,,,,
2018-11-13,2.89,2.99,3.14,3.36,,1.88
2018-11-14,2.86,2.95,3.12,3.35,,1.85
2018-11-15,2.86,2.94,3.11,3.36,,1.85
2018-11-16,2.81,2.9,3.08,3.33,,1.88
2018-11-19,2.79,2.87,3.06,3.32,,1.85
2018-11-20,2.79,2.88,3.06,3.31,,1.82
2018-11-21,2.81,2.89,3.06,3.31,,1.81
2018-11-22,,,,,,
2018-11-23,2.81,2.88,3.05,3.31,,1.77
2018-11-26,2.84,2.9,3.07,3.32,,1.78
2018-11-27,2.83,2.89,3.06,3.32,,1.73
2018-11-28,2.81,2.87,3.06,3.34,,1.74
2018-11-29,2.81,2.85,3.03,3.33,,1.79
2018-11-30,2.8,2.84,3.01,3.3,,1.77
2018-12-01,,,,,2.27,
2018-12-03,2.83,2.83,2.98,3.27,,1.76
2018-12-04,2.8,2.79,2.91,3.16,,1.74
2018-12-05,,,,,,
2018-12-06,2.75,2.75,2.87,3.14,,1.69
2018-12-07,2.72,2.7,2.85,3.14,,1.68
2018-12-10,2.72,2.71,2.85,3.13,,1.65
2018-12-11,2.78,2.75,2.89,3.13,,1.62
2018-12-12,2.77,2.77,2.91,3.15,,1.62
2018-12-13,2.75,2.75,2.91,3.16,,1.62
2018-12-14,2.73,2.73,2.89,3.14,,1.6
2018-12-17,2.7,2.69,2.86,3.11,,1.58
2018-12-18,2.65,2.65,2.82,3.07,,1.58
2018-12-19,2.63,2.62,2.77,3.0,,1.56
2018-12-20,2.67,2.65,2.79,3.02,,1.53
2018-12-21,2.63,2.64,2.79,3.03,,1.55
2018-12-24,2.55,2.58,2.74,3.0,,1.52
2018-12-25,,,,,,
2018-12-26,2.61,2.67,2.81,3.06,,1.57
2018-12-27,2.56,2.6,2.77,3.05,,1.53
2018-12-28,2.52,2.56,2.72,3.04,,1.52
2018-12-31,2.48,2.51,2.69,3.02,,1.51
2019-01-01,,,,,2.4,
2019-01-02,2.5,2.49,2.66,2.97,,1.49
2019-01-03,2.39,2.37,2.56,2.92,,1.49
2019-01-04,2.5,2.49,2.67,2.98,,1.58
2019-01-07,2.53,2.53,2.7,2.99,,1.61
2019-01-08,2.58,2.58,2.73,3.0,,1.66
2019-01-09,2.56,2.57,2.74,3.03,,1.68
2019-01-10,2.56,2.56,2.74,3.06,,1.65
2019-01-11,2.55,2.52,2.71,3.04,,1.66
2019-01-14,2.53,2.53,2.71,3.06,,1.64
2019-01-15,2.53,2.53,2.72,3.08,,1.63
2019-01-16,2.55,2.54,2.73,3.07,,1.64
2019-01-17,2.56,2.58,2.75,3.07,,1.64
2019-01-18,2.62,2.62,2.79,3.09,,1.67
2019-01-21,,,,,,
2019-01-22,2.58,2.57,2.74,3.06,,1.63
2019-01-23,2.58,2.59,2.76,3.07,,1.64
2019-01-24,2.56,2.55,2.72,3.04,,1.62
2019-01-25,2.6,2.59,2.76,3.06,,1.64
2019-01-28,2.6,2.58,2.75,3.06,,1.62
2019-01-29,2.56,2.55,2.72,3.04,,1.62
2019-01-30,2.52,2.49,2.7,3.06,,1.68
2019-01-31,2.45,2.43,2.63,2.99,,1.7
2019-02-01,2.52,2.51,2.7,3.03,2.4,1.72
2019-02-04,2.53,2.53,2.73,3.06,,1.72
2019-02-05,2.53,2.51,2.71,3.03,,1.72
2019-02-06,2.52,2.5,2.7,3.03,,1.71
2019-02-07,2.48,2.46,2.65,3.0,,1.69
2019-02-08,2.45,2.44,2.63,2.97,,1.69
2019-02-11,2.48,2.47,2.65,3.0,,1.69
2019-02-12,2.5,2.49,2.68,3.02,,1.71
2019-02-13,2.53,2.53,2.71,3.04,,1.76
2019-02-14,2.5,2.48,2.66,3.01,,1.74
2019-02-15,2.52,2.49,2.66,3.0,,1.75
2019-02-18,,,,,,
2019-02-19,2.5,2.47,2.65,2.99,,1.76
2019-02-20,2.5,2.47,2.65,3.0,,1.79
2019-02-21,2.53,2.51,2.69,3.05,,1.8
2019-02-22,2.48,2.47,2.65,3.02,,1.82
2019-02-25,2.51,2.48,2.67,3.03,,1.82
2019-02-26,2.48,2.45,2.64,3.01,,1.82
2019-02-27,2.5,2.49,2.69,3.07,,1.84
2019-02-28,2.52,2.52,2.73,3.09,,1.84
2019-03-01,2.55,2.56,2.76,3.13,2.41,1.85
2019-03-04,2.55,2.53,2.72,3.09,,1.84
2019-03-05,2.55,2.53,2.72,3.08,,1.83
2019-03-06,2.52,2.49,2.69,3.06,,1.81
2019-03-07,2.47,2.44,2.64,3.03,,1.8
2019-03-08,2.45,2.42,2.62,3.0,,1.8
2019-03-11,2.47,2.44,2.64,3.03,,1.82
2019-03-12,2.45,2.41,2.61,3.0,,1.81
2019-03-13,2.45,2.42,2.61,3.02,,1.84
2019-03-14,2.46,2.43,2.63,3.04,,1.85
2019-03-15,2.43,2.4,2.59,3.02,,1.86
2019-03-18,2.45,2.42,2.6,3.01,,1.88
2019-03-19,2.46,2.42,2.61,3.02,,1.85
2019-03-20,2.4,2.34,2.54,2.98,,1.88
2019-03-21,2.41,2.34,2.54,2.96,,1.86
2019-03-22,2.31,2.24,2.44,2.88,,1.8
2019-03-25,2.26,2.21,2.43,2.87,,1.77
2019-03-26,2.24,2.18,2.41,2.86,,1.75
2019-03-27,2.22,2.18,2.39,2.83,,1.74
2019-03-28,2.23,2.2,2.39,2.81,,1.72
2019-03-29,2.27,2.23,2.41,2.81,,1.78
2019-04-01,2.33,2.31,2.49,2.89,2.42,1.82
2019-04-02,2.3,2.28,2.48,2.88,,1.81
2019-04-03,2.33,2.32,2.52,2.93,,1.81
2019-04-04,2.33,2.32,2.51,2.92,,1.81
2019-04-05,2.35,2.31,2.5,2.91,,1.79
2019-04-08,2.36,2.33,2.52,2.93,,1.81
2019-04-09,2.35,2.31,2.51,2.92,,1.8
2019-04-10,2.31,2.28,2.48,2.9,,1.83
2019-04-11,2.35,2.31,2.51,2.94,,1.82
2019-04-12,2.4,2.38,2.56,2.97,,1.86
2019-04-15,2.4,2.37,2.55,2.96,,1.85
2019-04-16,2.41,2.41,2.6,2.99,,1.86
2019-04-17,2.4,2.4,2.59,2.99,,1.84
2019-04-18,2.38,2.38,2.57,2.96,,1.86
2019-04-19,,,,,,
2019-04-22,2.38,2.39,2.59,2.99,,1.87
2019-04-23,2.36,2.36,2.57,2.98,,1.87
2019-04-24,2.32,2.32,2.53,2.94,,1.87
2019-04-25,2.33,2.33,2.54,2.94,,1.86
2019-04-26,2.28,2.29,2.51,2.92,,1.86
2019-04-29,2.3,2.32,2.54,2.96,,1.86
2019-04-30,2.27,2.28,2.51,2.93,,1.85
2019-05-01,2.31,2.31,2.52,2.92,2.39,1.83
2019-05-02,2.35,2.34,2.55,2.94,,1.78
2019-05-03,2.33,2.33,2.54,2.93,,1.8
2019-05-06,2.31,2.3,2.51,2.91,,1.81
2019-05-07,2.28,2.25,2.45,2.86,,1.76
2019-05-08,2.3,2.28,2.49,2.89,,1.75
2019-05-09,2.26,2.25,2.45,2.87,,1.73
2019-05-10,2.26,2.26,2.47,2.89,,1.75
2019-05-13,2.18,2.18,2.4,2.83,,1.73
2019-05-14,2.2,2.2,2.42,2.86,,1.75
2019-05-15,2.16,2.15,2.37,2.82,,1.74
2019-05-16,2.2,2.18,2.4,2.84,,1.75
2019-05-17,2.2,2.17,2.39,2.82,,1.71
2019-05-20,2.21,2.21,2.41,2.83,,1.71
2019-05-21,2.26,2.23,2.43,2.84,,1.72
2019-05-22,2.23,2.19,2.39,2.82,,1.68
2019-05-23,2.12,2.11,2.31,2.75,,1.62
2019-05-24,2.16,2.12,2.32,2.75,,1.62
2019-05-27,,,,,,
2019-05-28,2.12,2.06,2.26,2.7,,1.58
2019-05-29,2.09,2.05,2.25,2.69,,1.59
2019-05-30,2.06,2.03,2.22,2.65,,1.59
2019-05-31,1.95,1.93,2.14,2.58,,1.58
2019-06-01,,,,,2.38,
2019-06-03,1.82,1.83,2.07,2.53,,1.56
2019-06-04,1.88,1.89,2.12,2.6,,1.59
2019-06-05,1.83,1.86,2.12,2.63,,1.59
2019-06-06,1.88,1.88,2.12,2.62,,1.58
2019-06-07,1.85,1.85,2.09,2.57,,1.61
2019-06-10,1.9,1.91,2.15,2.62,,1.6
2019-06-11,1.93,1.92,2.15,2.62,,1.57
2019-06-12,1.88,1.88,2.13,2.62,,1.53
2019-06-13,1.83,1.84,2.1,2.61,,1.51
2019-06-14,1.84,1.85,2.09,2.59,,1.48
2019-06-17,1.86,1.85,2.09,2.58,,1.45
2019-06-18,1.86,1.83,2.06,2.55,,1.49
2019-06-19,1.74,1.77,2.03,2.54,,1.53
2019-06-20,1.72,1.74,2.01,2.53,,1.58
2019-06-21,1.77,1.8,2.07,2.59,,1.6
2019-06-24,1.72,1.75,2.02,2.55,,1.57
2019-06-25,1.71,1.73,2.0,2.53,,1.52
2019-06-26,1.77,1.8,2.05,2.57,,1.56
2019-06-27,1.74,1.76,2.01,2.52,,1.53
2019-06-28,1.75,1.76,2.0,2.52,,1.53
2019-07-01,1.78,1.79,2.03,2.55,2.4,1.53
2019-07-02,1.77,1.75,1.98,2.51,,1.5
2019-07-03,1.77,1.74,1.96,2.47,,1.51
2019-07-04,,,,,,
2019-07-05,1.87,1.84,2.04,2.54,,1.55
2019-07-08,1.88,1.86,2.05,2.53,,1.55
2019-07-09,1.92,1.88,2.07,2.54,,1.56
2019-07-10,1.82,1.82,2.07,2.57,,1.59
2019-07-11,1.85,1.88,2.13,2.65,,1.63
2019-07-12,1.84,1.86,2.12,2.64,,1.62
2019-07-15,1.83,1.84,2.09,2.61,,1.61
2019-07-16,1.87,1.88,2.13,2.63,,1.63
2019-07-17,1.83,1.83,2.06,2.57,,1.6
2019-07-18,1.77,1.78,2.04,2.56,,1.6
2019-07-19,1.8,1.8,2.05,2.57,,1.6
2019-07-22,1.8,1.8,2.05,2.58,,1.59
2019-07-23,1.83,1.83,2.08,2.61,,1.61
2019-07-24,1.83,1.82,2.05,2.58,,1.59
2019-07-25,1.86,1.85,2.08,2.6,,1.6
2019-07-26,1.86,1.85,2.08,2.59,,1.57
2019-07-29,1.85,1.84,2.06,2.59,,1.57
2019-07-30,1.85,1.84,2.06,2.58,,1.58
2019-07-31,1.89,1.84,2.02,2.53,,1.56
2019-08-01,1.73,1.68,1.9,2.44,2.13,1.47
2019-08-02,1.72,1.66,1.86,2.39,,1.45
2019-08-05,1.59,1.55,1.75,2.3,,1.39
2019-08-06,1.6,1.53,1.73,2.25,,1.4
2019-08-07,1.59,1.52,1.71,2.22,,1.38
2019-08-08,1.62,1.54,1.72,2.25,,1.43
2019-08-09,1.63,1.57,1.74,2.26,,1.44
2019-08-12,1.58,1.49,1.65,2.14,,1.39
2019-08-13,1.66,1.57,1.68,2.15,,1.44
2019-08-14,1.58,1.51,1.59,2.03,,1.36
2019-08-15,1.48,1.42,1.52,1.98,,1.34
2019-08-16,1.48,1.42,1.55,2.01,,1.34
2019-08-19,1.53,1.47,1.6,2.08,,1.36
2019-08-20,1.5,1.42,1.55,2.04,,1.34
2019-08-21,1.56,1.47,1.59,2.07,,1.34
2019-08-22,1.61,1.5,1.62,2.11,,1.35
2019-08-23,1.51,1.4,1.52,2.02,,1.35
2019-08-26,1.54,1.43,1.54,2.04,,1.34
2019-08-27,1.53,1.4,1.49,1.97,,1.36
2019-08-28,1.5,1.37,1.47,1.94,,1.36
2019-08-29,1.53,1.4,1.5,1.97,,1.39
2019-08-30,1.5,1.39,1.5,1.96,,1.35
2019-09-01,,,,,2.04,
2019-09-02,,,,,,
2019-09-03,1.47,1.35,1.47,1.95,,1.29
2019-09-04,1.43,1.32,1.47,1.97,,1.31
2019-09-05,1.55,1.43,1.57,2.06,,1.35
2019-09-06,1.53,1.42,1.55,2.02,,1.35
2019-09-09,1.58,1.49,1.63,2.11,,1.38
2019-09-10,1.67,1.58,1.72,2.19,,1.4
2019-09-11,1.68,1.6,1.75,2.22,,1.4
2019-09-12,1.72,1.65,1.79,2.22,,1.43
2019-09-13,1.79,1.75,1.9,2.37,,1.46
2019-09-16,1.74,1.69,1.84,2.31,,1.48
2019-09-17,1.72,1.66,1.81,2.27,,1.46
2019-09-18,1.77,1.68,1.8,2.25,,1.4
2019-09-19,1.74,1.66,1.79,2.22,,1.41
2019-09-20,1.69,1.61,1.74,2.17,,1.42
2019-09-23,1.68,1.59,1.72,2.16,,1.42
2019-09-24,1.6,1.52,1.64,2.09,,1.39
2019-09-25,1.68,1.6,1.73,2.18,,1.41
2019-09-26,1.66,1.59,1.7,2.15,,1.4
2019-09-27,1.63,1.56,1.69,2.13,,1.36
2019-09-30,1.63,1.55,1.68,2.12,,1.35
2019-10-01,1.56,1.51,1.65,2.11,1.83,1.33
2019-10-02,1.48,1.43,1.6,2.09,,1.29
2019-10-03,1.39,1.34,1.54,2.04,,1.25
2019-10-04,1.4,1.34,1.52,2.01,,1.27
2019-10-07,1.46,1.38,1.56,2.05,,1.27
2019-10-08,1.42,1.36,1.54,2.04,,1.25
2019-10-09,1.47,1.4,1.59,2.08,,1.24
2019-10-10,1.53,1.48,1.67,2.16,,1.29
2019-10-11,1.63,1.59,1.76,2.22,,1.34
2019-10-14,,,,,,
2019-10-15,1.61,1.59,1.77,2.23,,1.33
2019-10-16,1.58,1.57,1.75,2.23,,1.35
2019-10-17,1.6,1.57,1.76,2.24,,1.52
2019-10-18,1.58,1.56,1.76,2.25,,1.52
2019-10-21,1.62,1.61,1.8,2.28,,1.53
2019-10-22,1.6,1.6,1.78,2.26,,1.53
2019-10-23,1.58,1.58,1.77,2.25,,1.52
2019-10-24,1.58,1.58,1.77,2.26,,1.52
2019-10-25,1.63,1.62,1.8,2.29,,1.55
2019-10-28,1.64,1.66,1.85,2.34,,1.53
2019-10-29,1.64,1.66,1.84,2.33,,1.51
2019-10-30,1.61,1.61,1.78,2.26,,1.47
2019-10-31,1.52,1.51,1.69,2.17,,1.44
2019-11-01,1.56,1.55,1.73,2.21,1.55,1.5
2019-11-04,1.6,1.6,1.79,2.27,,1.56
2019-11-05,1.63,1.66,1.86,2.34,,1.58
2019-11-06,1.61,1.63,1.81,2.3,,1.57
2019-11-07,1.68,1.74,1.92,2.4,,1.61
2019-11-08,1.68,1.74,1.94,2.43,,1.63
2019-11-11,,,,,,
2019-11-12,1.66,1.73,1.92,2.39,,1.6
2019-11-13,1.63,1.69,1.88,2.36,,1.58
2019-11-14,1.58,1.63,1.82,2.31,,1.54
2019-11-15,1.61,1.65,1.84,2.31,,1.52
2019-11-18,1.6,1.63,1.81,2.3,,1.54
2019-11-19,1.6,1.63,1.79,2.26,,1.53
2019-11-20,1.56,1.58,1.73,2.2,,1.51
2019-11-21,1.6,1.62,1.77,2.24,,1.53
2019-11-22,1.61,1.62,1.77,2.22,,1.53
2019-11-25,1.61,1.62,1.76,2.21,,1.53
2019-11-26,1.58,1.58,1.74,2.18,,1.52
2019-11-27,1.63,1.63,1.77,2.19,,1.54
2019-11-28,,,,,,
2019-11-29,1.61,1.62,1.78,2.21,,1.5
2019-12-01,,,,,1.55,
2019-12-02,1.61,1.65,1.83,2.28,,1.54
2019-12-03,1.53,1.54,1.72,2.17,,1.51
2019-12-04,1.58,1.6,1.77,2.22,,1.54
2019-12-05,1.58,1.62,1.8,2.24,,1.55
2019-12-06,1.61,1.67,1.84,2.29,,1.59
2019-12-09,1.63,1.67,1.83,2.27,,1.59
2019-12-10,1.65,1.68,1.85,2.26,,1.59
2019-12-11,1.61,1.64,1.79,2.23,,1.6
2019-12-12,1.66,1.73,1.9,2.32,,1.62
2019-12-13,1.61,1.66,1.82,2.26,,1.62
2019-12-16,1.65,1.72,1.89,2.3,,1.64
2019-12-17,1.63,1.71,1.89,2.31,,1.65
2019-12-18,1.63,1.74,1.92,2.35,,1.68
2019-12-19,1.62,1.73,1.92,2.35,,1.68
2019-12-20,1.63,1.73,1.92,2.34,,1.67
2019-12-23,1.64,1.75,1.93,2.35,,1.67
2019-12-24,1.62,1.72,1.9,2.33,,1.67
2019-12-25,,,,,,
2019-12-26,1.64,1.72,1.9,2.33,,1.66
2019-12-27,1.59,1.68,1.88,2.32,,1.64
2019-12-30,1.58,1.68,1.9,2.34,,1.66
2019-12-31,1.58,1.69,1.92,2.39,,1.68
2020-01-01,,,,,1.55,
2020-01-02,1.58,1.67,1.88,2.33,,1.72
2020-01-03,1.53,1.59,1.8,2.26,,1.69
2020-01-06,1.54,1.61,1.81,2.28,,1.69
2020-01-07,1.54,1.62,1.83,2.31,,1.67
2020-01-08,1.58,1.67,1.87,2.35,,1.68
2020-01-09,1.58,1.65,1.85,2.38,,1.67
2020-01-10,1.56,1.63,1.83,2.28,,1.67
2020-01-13,1.58,1.65,1.85,2.3,,1.7
2020-01-14,1.58,1.63,1.82,2.27,,1.7
2020-01-15,1.56,1.6,1.79,2.23,,1.67
2020-01-16,1.58,1.63,1.81,2.26,,1.68
2020-01-17,1.58,1.63,1.84,2.29,,1.68
2020-01-20,,,,,,
2020-01-21,1.53,1.57,1.78,2.23,,1.66
2020-01-22,1.53,1.57,1.77,2.22,,1.64
2020-01-23,1.51,1.55,1.74,2.18,,1.64
2020-01-24,1.49,1.51,1.7,2.14,,1.62
2020-01-27,1.44,1.44,1.61,2.05,,1.56
2020-01-28,1.45,1.47,1.65,2.1,,1.59
2020-01-29,1.42,1.41,1.6,2.05,,1.58
2020-01-30,1.41,1.39,1.57,2.04,,1.59
2020-01-31,1.33,1.32,1.51,1.99,,1.6
2020-02-01,,,,,1.58,
2020-02-03,1.36,1.35,1.54,2.01,,1.56
2020-02-04,1.41,1.42,1.61,2.08,,1.58
2020-02-05,1.44,1.46,1.66,2.14,,1.61
2020-02-06,1.44,1.45,1.65,2.11,,1.61
2020-02-07,1.41,1.41,1.59,2.05,,1.61
2020-02-10,1.37,1.38,1.56,2.03,,1.62
2020-02-11,1.41,1.4,1.59,2.05,,1.6
2020-02-12,1.44,1.45,1.62,2.09,,1.64
2020-02-13,1.44,1.43,1.61,2.07,,1.65
2020-02-14,1.42,1.42,1.59,2.04,,1.64
2020-02-17,,,,,,
2020-02-18,1.41,1.39,1.55,2.0,,1.64
2020-02-19,1.42,1.41,1.56,2.01,,1.65
2020-02-20,1.39,1.37,1.52,1.97,,1.63
2020-02-21,1.34,1.3,1.46,1.9,,1.6
2020-02-24,1.26,1.21,1.38,1.84,,1.57
2020-02-25,1.2,1.16,1.33,1.8,,1.52
2020-02-26,1.16,1.14,1.33,1.81,,1.5
2020-02-27,1.11,1.11,1.3,1.79,,1.48
2020-02-28,0.86,0.89,1.13,1.65,,1.33
2020-03-01,,,,,0.65,
2020-03-02,0.84,0.88,1.1,1.66,,1.32
2020-03-03,0.71,0.77,1.02,1.64,,1.34
2020-03-04,0.67,0.75,1.02,1.67,,1.34
2020-03-05,0.59,0.67,0.92,1.56,,1.28
2020-03-06,0.49,0.58,0.74,1.25,,1.14
2020-03-09,0.38,0.46,0.54,0.99,,0.8
2020-03-10,0.5,0.63,0.76,1.28,,0.77
2020-03-11,0.5,0.66,0.82,1.3,,0.69
2020-03-12,0.5,0.66,0.88,1.49,,0.63
2020-03-13,0.49,0.7,0.94,1.56,,0.53
2020-03-16,0.36,0.49,0.73,1.34,,0.3
2020-03-17,0.47,0.66,1.02,1.63,,0.16
2020-03-18,0.54,0.79,1.18,1.77,,0.16
2020-03-19,0.44,0.66,1.12,1.78,,0.14
2020-03-20,0.37,0.52,0.92,1.55,,0.31
2020-03-23,0.28,0.38,0.76,1.33,,0.37
2020-03-24,0.38,0.52,0.84,1.39,,0.55
2020-03-25,0.34,0.56,0.88,1.45,,0.69
2020-03-26,0.3,0.51,0.83,1.42,,0.72
2020-03-27,0.25,0.41,0.72,1.29,,0.54
2020-03-30,0.23,0.39,0.7,1.31,,0.57
2020-03-31,0.23,0.37,0.7,1.35,,0.49
2020-04-01,0.23,0.37,0.62,1.27,0.05,0.56
2020-04-02,0.23,0.39,0.63,1.26,,0.73
2020-04-03,0.23,0.39,0.62,1.24,,0.78
2020-04-06,0.27,0.44,0.67,1.27,,0.85
2020-04-07,0.28,0.48,0.75,1.32,,0.86
2020-04-08,0.27,0.47,0.77,1.37,,0.87
2020-04-09,0.23,0.41,0.73,1.35,,0.9
2020-04-10,,,,,,
2020-04-13,0.25,0.44,0.76,1.39,,0.94
2020-04-14,0.23,0.42,0.76,1.41,,0.94
2020-04-15,0.2,0.34,0.63,1.27,,0.87
2020-04-16,0.2,0.35,0.61,1.21,,0.7
2020-04-17,0.2,0.36,0.65,1.27,,0.67
2020-04-20,0.2,0.35,0.63,1.23,,0.56
2020-04-21,0.2,0.34,0.58,1.17,,0.58
2020-04-22,0.22,0.37,0.63,1.22,,0.69
2020-04-23,0.22,0.37,0.61,1.18,,0.67
2020-04-24,0.22,0.36,0.6,1.17,,0.72
2020-04-27,0.24,0.41,0.67,1.25,,0.78
2020-04-28,0.2,0.37,0.62,1.2,,0.76
2020-04-29,0.2,0.36,0.63,1.24,,0.78
2020-04-30,0.2,0.36,0.64,1.28,,0.72
2020-05-01,0.2,0.36,0.64,1.27,0.05,0.68
2020-05-04,0.19,0.36,0.64,1.29,,0.69
2020-05-05,0.19,0.36,0.66,1.32,,0.71
2020-05-06,0.17,0.37,0.72,1.41,,0.71
2020-05-07,0.13,0.29,0.63,1.31,,0.7
2020-05-08,0.16,0.33,0.69,1.39,,0.74
2020-05-11,0.17,0.36,0.73,1.43,,0.75
2020-05-12,0.17,0.34,0.69,1.38,,0.72
2020-05-13,0.16,0.31,0.64,1.35,,0.71
2020-05-14,0.16,0.31,0.63,1.3,,0.71
2020-05-15,0.16,0.31,0.64,1.32,,0.75
2020-05-18,0.18,0.38,0.73,1.44,,0.84
2020-05-19,0.17,0.35,0.7,1.43,,0.82
2020-05-20,0.16,0.34,0.68,1.4,,0.83
2020-05-21,0.17,0.35,0.68,1.4,,0.81
2020-05-22,0.17,0.34,0.66,1.37,,0.8
2020-05-25,,,,,,
2020-05-26,0.18,0.35,0.69,1.43,,0.82
2020-05-27,0.19,0.34,0.68,1.44,,0.82
2020-05-28,0.17,0.34,0.7,1.47,,0.86
2020-05-29,0.16,0.3,0.65,1.41,,0.83
2020-06-01,0.14,0.31,0.66,1.46,0.08,0.84
2020-06-02,0.17,0.32,0.68,1.48,,0.84
2020-06-03,0.19,0.38,0.77,1.56,,0.88
2020-06-04,0.19,0.4,0.82,1.61,,0.88
2020-06-05,0.22,0.47,0.91,1.68,,0.95
2020-06-08,0.22,0.45,0.88,1.65,,0.98
2020-06-09,0.2,0.4,0.84,1.59,,0.98
2020-06-10,0.17,0.33,0.75,1.53,,1.0
2020-06-11,0.19,0.32,0.66,1.41,,0.95
2020-06-12,0.19,0.33,0.71,1.45,,0.95
2020-06-15,0.19,0.33,0.71,1.45,,0.98
2020-06-16,0.21,0.34,0.75,1.54,,1.02
2020-06-17,0.19,0.34,0.74,1.52,,1.01
2020-06-18,0.19,0.34,0.71,1.47,,1.12
2020-06-19,0.19,0.33,0.7,1.47,,1.06
2020-06-22,0.19,0.34,0.71,1.46,,1.11
2020-06-23,0.18,0.33,0.72,1.49,,1.14
2020-06-24,0.19,0.33,0.69,1.44,,1.1
2020-06-25,0.17,0.32,0.68,1.43,,1.11
2020-06-26,0.17,0.3,0.64,1.37,,1.11
2020-06-29,0.16,0.28,0.64,1.39,,1.14
2020-06-30,0.16,0.29,0.66,1.41,,1.16
2020-07-01,0.17,0.31,0.69,1.43,0.09,1.17
2020-07-02,0.16,0.29,0.68,1.43,,1.21
2020-07-03,,,,,,
2020-07-06,0.16,0.31,0.69,1.45,,1.28
2020-07-07,0.16,0.29,0.65,1.38,,1.26
2020-07-08,0.16,0.3,0.67,1.39,,1.25
2020-07-09,0.16,0.28,0.62,1.32,,1.22
2020-07-10,0.16,0.3,0.65,1.33,,1.25
2020-07-13,0.16,0.3,0.64,1.33,,1.27
2020-07-14,0.14,0.28,0.63,1.3,,1.27
2020-07-15,0.16,0.28,0.64,1.33,,1.28
2020-07-16,0.16,0.28,0.62,1.31,,1.3
2020-07-17,0.14,0.29,0.64,1.33,,1.35
2020-07-20,0.16,0.29,0.62,1.32,,1.37
2020-07-21,0.14,0.27,0.61,1.31,,1.4
2020-07-22,0.14,0.27,0.6,1.29,,1.4
2020-07-23,0.16,0.27,0.59,1.24,,1.37
2020-07-24,0.14,0.27,0.59,1.23,,1.35
2020-07-27,0.15,0.3,0.62,1.25,,1.38
2020-07-28,0.14,0.26,0.59,1.22,,1.36
2020-07-29,0.12,0.25,0.58,1.24,,1.38
2020-07-30,0.11,0.23,0.55,1.2,,1.37
2020-07-31,0.11,0.21,0.55,1.2,,1.4
2020-08-01,,,,,0.1,
2020-08-03,0.11,0.22,0.56,1.23,,1.46
2020-08-04,0.11,0.19,0.52,1.19,,1.45
2020-08-05,0.11,0.22,0.55,1.22,,1.52
2020-08-06,0.11,0.21,0.55,1.2,,1.53
2020-08-07,0.13,0.23,0.57,1.23,,1.5
2020-08-10,0.14,0.24,0.59,1.25,,1.49
2020-08-11,0.16,0.27,0.64,1.32,,1.5
2020-08-12,0.16,0.3,0.69,1.37,,1.56
2020-08-13,0.16,0.32,0.71,1.42,,1.56
2020-08-14,0.14,0.29,0.71,1.45,,1.53
2020-08-17,0.14,0.29,0.69,1.43,,1.54
2020-08-18,0.14,0.27,0.67,1.4,,1.55
2020-08-19,0.14,0.29,0.68,1.42,,1.55
2020-08-20,0.13,0.26,0.65,1.38,,1.48
2020-08-21,0.16,0.27,0.64,1.35,,1.52
2020-08-24,0.14,0.28,0.65,1.35,,1.57
2020-08-25,0.15,0.3,0.69,1.39,,1.6
2020-08-26,0.16,0.28,0.69,1.41,,1.63
2020-08-27,0.16,0.31,0.74,1.5,,1.65
2020-08-28,0.14,0.28,0.74,1.52,,1.68
2020-08-31,0.14,0.28,0.72,1.49,,1.69
2020-09-01,0.13,0.26,0.68,1.43,0.09,1.65
2020-09-02,0.14,0.26,0.66,1.38,,1.61
2020-09-03,0.13,0.24,0.63,1.34,,1.53
2020-09-04,0.14,0.3,0.72,1.46,,1.57
2020-09-07,,,,,,
2020-09-08,0.14,0.28,0.69,1.43,,1.55
2020-09-09,0.14,0.28,0.71,1.45,,1.57
2020-09-10,0.14,0.26,0.68,1.43,,1.54
2020-09-11,0.13,0.26,0.67,1.42,,1.53
2020-09-14,0.14,0.27,0.68,1.42,,1.54
2020-09-15,0.14,0.27,0.68,1.43,,1.54
2020-09-16,0.14,0.28,0.69,1.45,,1.57
2020-09-17,0.13,0.28,0.69,1.43,,1.57
2020-09-18,0.14,0.29,0.7,1.45,,1.58
2020-09-21,0.14,0.27,0.68,1.43,,1.5
2020-09-22,0.13,0.27,0.68,1.42,,1.5
2020-09-23,0.14,0.28,0.68,1.42,,1.48
2020-09-24,0.14,0.27,0.67,1.4,,1.45
2020-09-25,0.12,0.26,0.66,1.4,,1.43
2020-09-28,0.14,0.26,0.67,1.42,,1.48
2020-09-29,0.11,0.24,0.66,1.41,,1.49
2020-09-30,0.13,0.28,0.69,1.46,,1.5
2020-10-01,0.14,0.27,0.68,1.45,0.09,1.48
2020-10-02,0.13,0.28,0.7,1.48,,1.48
2020-10-05,0.14,0.33,0.78,1.57,,1.52
2020-10-06,0.14,0.32,0.76,1.56,,1.51
2020-10-07,0.16,0.35,0.81,1.6,,1.54
2020-10-08,0.13,0.33,0.78,1.57,,1.56
2020-10-09,0.16,0.34,0.79,1.58,,1.56
2020-10-12,,,,,,
2020-10-13,0.16,0.31,0.74,1.52,,1.52
2020-10-14,0.14,0.3,0.73,1.5,,1.52
2020-10-15,0.14,0.32,0.74,1.52,,1.52
2020-10-16,0.14,0.32,0.76,1.52,,1.53
2020-10-19,0.16,0.34,0.78,1.55,,1.53
2020-10-20,0.14,0.34,0.81,1.6,,1.53
2020-10-21,0.14,0.36,0.83,1.62,,1.56
2020-10-22,0.16,0.38,0.87,1.67,,1.68
2020-10-23,0.18,0.37,0.85,1.64,,1.66
2020-10-26,0.16,0.35,0.81,1.59,,1.63
2020-10-27,0.16,0.34,0.79,1.57,,1.64
2020-10-28,0.16,0.34,0.79,1.56,,1.61
2020-10-29,0.16,0.38,0.85,1.62,,1.61
2020-10-30,0.14,0.38,0.88,1.65,,1.59
2020-11-01,,,,,0.09,
2020-11-02,0.16,0.38,0.87,1.63,,1.6
2020-11-03,0.17,0.39,0.9,1.66,,1.62
2020-11-04,0.14,0.33,0.78,1.55,,1.56
2020-11-05,0.14,0.33,0.79,1.54,,1.55
2020-11-06,0.16,0.36,0.83,1.6,,1.54
2020-11-09,0.17,0.44,0.96,1.73,,1.63
2020-11-10,0.19,0.46,0.98,1.75,,1.69
2020-11-11,,,,,,
2020-11-12,0.17,0.4,0.88,1.64,,1.63
2020-11-13,0.17,0.41,0.89,1.65,,1.64
2020-11-16,0.19,0.41,0.91,1.66,,1.64
2020-11-17,0.18,0.39,0.87,1.62,,1.63
2020-11-18,0.16,0.4,0.88,1.62,,1.63
2020-11-19,0.18,0.39,0.86,1.58,,1.62
2020-11-20,0.16,0.38,0.83,1.53,,1.61
2020-11-23,0.16,0.39,0.86,1.56,,1.62
2020-11-24,0.16,0.39,0.88,1.6,,1.65
2020-11-25,0.17,0.39,0.88,1.62,,1.67
2020-11-26,,,,,,
2020-11-27,0.16,0.37,0.84,1.57,,1.67
2020-11-30,0.16,0.36,0.84,1.58,,1.68
2020-12-01,0.17,0.42,0.92,1.66,0.09,1.72
2020-12-02,0.16,0.42,0.95,1.7,,1.76
2020-12-03,0.16,0.4,0.92,1.67,,1.78
2020-12-04,0.16,0.42,0.97,1.73,,1.83
2020-12-07,0.14,0.4,0.94,1.69,,1.84
2020-12-08,0.14,0.39,0.92,1.67,,1.84
2020-12-09,0.16,0.41,0.95,1.69,,1.84
2020-12-10,0.14,0.39,0.92,1.65,,1.83
2020-12-11,0.11,0.37,0.9,1.63,,1.82
2020-12-14,0.13,0.37,0.9,1.63,,1.84
2020-12-15,0.11,0.37,0.92,1.65,,1.86
2020-12-16,0.13,0.37,0.92,1.66,,1.9
2020-12-17,0.13,0.38,0.94,1.68,,1.9
2020-12-18,0.13,0.39,0.95,1.7,,1.92
2020-12-21,0.13,0.39,0.95,1.68,,1.9
2020-12-22,0.13,0.37,0.93,1.65,,1.92
2020-12-23,0.13,0.38,0.96,1.7,,1.93
2020-12-24,0.13,0.37,0.94,1.66,,1.92
2020-12-25,,,,,,
2020-12-28,0.13,0.38,0.94,1.67,,1.92
2020-12-29,0.12,0.37,0.94,1.67,,1.9
2020-12-30,0.12,0.37,0.93,1.66,,1.92
2020-12-31,0.13,0.36,0.93,1.65,,1.95
2021-01-01,,,,,0.09,
2021-01-04,0.11,0.36,0.93,1.66,,1.98
2021-01-05,0.13,0.38,0.96,1.7,,2.01
2021-01-06,0.14,0.43,1.04,1.81,,2.04
2021-01-07,0.14,0.46,1.08,1.85,,2.09
2021-01-08,0.14,0.49,1.13,1.87,,2.07
2021-01-11,0.14,0.5,1.15,1.88,,2.04
2021-01-12,0.14,0.5,1.15,1.88,,2.06
2021-01-13,0.14,0.48,1.1,1.82,,2.04
2021-01-14,0.16,0.49,1.15,1.88,,2.09
2021-01-15,0.13,0.46,1.11,1.85,,2.09
2021-01-18,,,,,,
2021-01-19,0.14,0.45,1.1,1.84,,2.12
2021-01-20,0.13,0.45,1.1,1.84,,2.15
2021-01-21,0.13,0.45,1.12,1.87,,2.18
2021-01-22,0.13,0.44,1.1,1.85,,2.16
2021-01-25,0.13,0.42,1.05,1.8,,2.15
2021-01-26,0.11,0.42,1.05,1.8,,2.15
2021-01-27,0.12,0.41,1.04,1.79,,2.15
2021-01-28,0.12,0.42,1.07,1.81,,2.18
2021-01-29,0.11,0.45,1.11,1.87,,2.21
2021-02-01,0.11,0.42,1.09,1.84,0.08,2.18
2021-02-02,0.11,0.45,1.12,1.87,,2.23
2021-02-03,0.11,0.46,1.15,1.92,,2.27
2021-02-04,0.11,0.46,1.15,1.93,,2.25
2021-02-05,0.09,0.47,1.19,1.97,,2.28
2021-02-08,0.11,0.48,1.19,1.96,,2.31
2021-02-09,0.11,0.48,1.18,1.95,,2.31
2021-02-10,0.11,0.46,1.15,1.92,,2.31
2021-02-11,0.11,0.46,1.16,1.94,,2.32
2021-02-12,0.11,0.5,1.2,2.01,,2.35
2021-02-15,,,,,,
2021-02-16,0.13,0.57,1.3,2.08,,2.37
2021-02-17,0.11,0.57,1.29,2.06,,2.35
2021-02-18,0.11,0.56,1.29,2.08,,2.29
2021-02-19,0.11,0.59,1.34,2.14,,2.29
2021-02-22,0.11,0.61,1.37,2.19,,2.35
2021-02-23,0.11,0.59,1.37,2.21,,2.35
2021-02-24,0.12,0.62,1.38,2.24,,2.38
2021-02-25,0.17,0.81,1.54,2.33,,2.34
2021-02-26,0.14,0.75,1.44,2.17,,2.39
2021-03-01,0.13,0.71,1.45,2.23,0.07,2.4
2021-03-02,0.13,0.67,1.42,2.21,,2.43
2021-03-03,0.14,0.73,1.47,2.25,,2.45
2021-03-04,0.14,0.77,1.54,2.3,,2.43
2021-03-05,0.14,0.79,1.56,2.28,,2.43
2021-03-08,0.17,0.86,1.59,2.31,,2.42
2021-03-09,0.17,0.83,1.55,2.26,,2.41
2021-03-10,0.16,0.8,1.53,2.24,,2.47
2021-03-11,0.14,0.78,1.54,2.29,,2.51
2021-03-12,0.14,0.85,1.64,2.4,,2.51
2021-03-15,0.14,0.84,1.62,2.37,,2.54
2021-03-16,0.15,0.83,1.62,2.38,,2.59
2021-03-17,0.13,0.8,1.63,2.42,,2.58
2021-03-18,0.16,0.86,1.71,2.45,,2.5
2021-03-19,0.16,0.9,1.74,2.45,,2.51
2021-03-22,0.15,0.87,1.69,2.38,,2.51
2021-03-23,0.15,0.83,1.63,2.34,,2.48
2021-03-24,0.14,0.83,1.62,2.31,,2.53
2021-03-25,0.14,0.82,1.63,2.34,,2.54
2021-03-26,0.14,0.85,1.67,2.37,,2.57
2021-03-29,0.14,0.89,1.73,2.43,,2.56
2021-03-30,0.16,0.9,1.73,2.38,,2.52
2021-03-31,0.16,0.92,1.74,2.41,,2.54
2021-04-01,0.17,0.9,1.69,2.34,0.07,2.55
2021-04-02,0.19,0.97,1.72,2.35,,2.58
2021-04-05,0.17,0.94,1.73,2.36,,2.55
2021-04-06,0.16,0.88,1.67,2.32,,2.52
2021-04-07,0.16,0.87,1.68,2.35,,2.53
2021-04-08,0.14,0.85,1.64,2.32,,2.55
2021-04-09,0.16,0.87,1.67,2.34,,2.51
2021-04-12,0.18,0.89,1.69,2.34,,2.52
2021-04-13,0.16,0.85,1.64,2.32,,2.54
2021-04-14,0.16,0.87,1.64,2.32,,2.56
2021-04-15,0.16,0.81,1.56,2.23,,2.55
2021-04-16,0.16,0.84,1.59,2.26,,2.57
2021-04-19,0.16,0.85,1.61,2.29,,2.56
2021-04-20,0.15,0.81,1.58,2.27,,2.52
2021-04-21,0.15,0.81,1.57,2.26,,2.53
2021-04-22,0.16,0.81,1.57,2.24,,2.42
2021-04-23,0.16,0.83,1.58,2.25,,2.44
2021-04-26,0.18,0.85,1.58,2.24,,2.47
2021-04-27,0.17,0.88,1.63,2.29,,2.51
2021-04-28,0.17,0.86,1.63,2.29,,2.54
2021-04-29,0.16,0.86,1.65,2.31,,2.56
2021-04-30,0.16,0.86,1.65,2.3,,2.57
2021-05-01,,,,,0.06,
2021-05-03,0.16,0.84,1.63,2.3,,2.6
2021-05-04,0.16,0.82,1.61,2.27,,2.62
2021-05-05,0.16,0.8,1.59,2.25,,2.68
2021-05-06,0.16,0.81,1.58,2.24,,2.66
2021-05-07,0.14,0.77,1.6,2.28,,2.65
2021-05-10,0.16,0.8,1.63,2.32,,2.71
2021-05-11,0.16,0.8,1.64,2.35,,2.68
2021-05-12,0.16,0.87,1.69,2.4,,2.72
2021-05-13,0.16,0.84,1.66,2.39,,2.65
2021-05-14,0.16,0.82,1.63,2.35,,2.68
2021-05-17,0.16,0.84,1.64,2.36,,2.72
2021-05-18,0.16,0.83,1.64,2.37,,2.72
2021-05-19,0.16,0.87,1.68,2.38,,2.66
2021-05-20,0.15,0.83,1.63,2.34,,2.59
2021-05-21,0.17,0.84,1.63,2.33,,2.62
2021-05-24,0.15,0.82,1.61,2.31,,2.64
2021-05-25,0.15,0.79,1.56,2.26,,2.63
2021-05-26,0.14,0.8,1.58,2.27,,2.6
2021-05-27,0.14,0.81,1.61,2.29,,2.59
2021-05-28,0.14,0.79,1.58,2.26,,2.57
2021-05-31,,,,,,
2021-06-01,0.16,0.81,1.62,2.3,0.08,2.6
2021-06-02,0.13,0.8,1.59,2.28,,2.59
2021-06-03,0.16,0.84,1.63,2.3,,2.56
2021-06-04,0.14,0.78,1.56,2.24,,2.54
2021-06-07,0.16,0.79,1.57,2.25,,2.51
2021-06-08,0.14,0.77,1.53,2.21,,2.47
2021-06-09,0.16,0.75,1.5,2.17,,2.41
2021-06-10,0.14,0.73,1.45,2.15,,2.47
2021-06-11,0.16,0.76,1.47,2.15,,2.43
2021-06-14,0.16,0.8,1.51,2.19,,2.44
2021-06-15,0.16,0.79,1.51,2.2,,2.46
2021-06-16,0.21,0.89,1.57,2.2,,2.41
2021-06-17,0.23,0.9,1.52,2.11,,2.31
2021-06-18,0.26,0.89,1.45,2.01,,2.37
2021-06-21,0.27,0.9,1.5,2.11,,2.41
2021-06-22,0.25,0.87,1.48,2.1,,2.46
2021-06-23,0.26,0.9,1.5,2.11,,2.49
2021-06-24,0.26,0.9,1.49,2.1,,2.45
2021-06-25,0.28,0.92,1.54,2.16,,2.46
2021-06-28,0.25,0.9,1.49,2.1,,2.45
2021-06-29,0.27,0.89,1.49,2.1,,2.46
2021-06-30,0.25,0.87,1.45,2.06,,2.47
2021-07-01,0.25,0.89,1.48,2.07,0.1,2.49
2021-07-02,0.24,0.86,1.44,2.05,,2.49
2021-07-05,,,,,,
2021-07-06,0.22,0.81,1.37,2.0,,2.48
2021-07-07,0.22,0.79,1.33,1.94,,2.43
2021-07-08,0.19,0.74,1.3,1.91,,2.38
2021-07-09,0.23,0.79,1.37,1.99,,2.44
2021-07-12,0.23,0.81,1.38,2.0,,2.48
2021-07-13,0.26,0.85,1.42,2.04,,2.56
2021-07-14,0.23,0.8,1.37,1.98,,2.53
2021-07-15,0.23,0.78,1.31,1.92,,2.53
2021-07-16,0.25,0.79,1.31,1.93,,2.52
2021-07-19,0.21,0.7,1.19,1.81,,2.41
2021-07-20,0.2,0.69,1.23,1.88,,2.4
2021-07-21,0.22,0.74,1.3,1.94,,2.45
2021-07-22,0.2,0.71,1.27,1.9,,2.46
2021-07-23,0.22,0.72,1.3,1.92,,2.53
2021-07-26,0.22,0.73,1.29,1.93,,2.59
2021-07-27,0.2,0.71,1.25,1.89,,2.55
2021-07-28,0.2,0.72,1.26,1.9,,2.57
2021-07-29,0.2,0.73,1.28,1.91,,2.58
2021-07-30,0.19,0.69,1.24,1.89,,2.56
2021-08-01,,,,,0.09,
2021-08-02,0.17,0.66,1.2,1.86,,2.51
2021-08-03,0.17,0.65,1.19,1.85,,2.51
2021-08-04,0.17,0.67,1.19,1.83,,2.5
2021-08-05,0.21,0.72,1.23,1.86,,2.46
2021-08-06,0.21,0.77,1.31,1.94,,2.5
2021-08-09,0.23,0.79,1.33,1.96,,2.5
2021-08-10,0.24,0.82,1.36,1.99,,2.53
2021-08-11,0.23,0.81,1.35,1.99,,2.55
2021-08-12,0.23,0.83,1.36,2.03,,2.55
2021-08-13,0.23,0.79,1.29,1.94,,2.52
2021-08-16,0.21,0.75,1.26,1.92,,2.5
2021-08-17,0.23,0.77,1.26,1.92,,2.49
2021-08-18,0.23,0.79,1.27,1.91,,2.48
2021-08-19,0.22,0.78,1.24,1.88,,2.45
2021-08-20,0.23,0.8,1.26,1.87,,2.4
2021-08-23,0.23,0.78,1.25,1.87,,2.43
2021-08-24,0.24,0.8,1.29,1.91,,2.45
2021-08-25,0.23,0.84,1.35,1.96,,2.51
2021-08-26,0.25,0.84,1.34,1.94,,2.5
2021-08-27,0.22,0.79,1.31,1.91,,2.53
2021-08-30,0.2,0.77,1.29,1.9,,2.51
2021-08-31,0.2,0.77,1.3,1.92,,2.48
2021-09-01,0.2,0.78,1.31,1.92,0.08,2.48
2021-09-02,0.2,0.78,1.29,1.9,,2.47
2021-09-03,0.21,0.78,1.33,1.94,,2.48
2021-09-06,,,,,,
2021-09-07,0.22,0.82,1.38,1.99,,2.51
2021-09-08,0.22,0.81,1.35,1.95,,2.53
2021-09-09,0.23,0.79,1.3,1.9,,2.55
2021-09-10,0.23,0.82,1.35,1.94,,2.55
2021-09-13,0.21,0.81,1.33,1.91,,2.53
2021-09-14,0.21,0.79,1.28,1.85,,2.49
2021-09-15,0.21,0.81,1.31,1.87,,2.51
2021-09-16,0.23,0.84,1.34,1.88,,2.53
2021-09-17,0.23,0.88,1.37,1.91,,2.51
2021-09-20,0.23,0.83,1.31,1.85,,2.43
2021-09-21,0.22,0.84,1.33,1.86,,2.44
2021-09-22,0.25,0.86,1.32,1.84,,2.41
2021-09-23,0.27,0.94,1.41,1.92,,2.48
2021-09-24,0.29,0.97,1.47,1.99,,2.47
2021-09-27,0.31,0.98,1.48,1.99,,2.5
2021-09-28,0.31,1.02,1.54,2.07,,2.53
2021-09-29,0.3,1.01,1.55,2.09,,2.52
2021-09-30,0.28,0.98,1.52,2.08,,2.51
2021-10-01,0.27,0.93,1.48,2.04,0.08,2.51
2021-10-04,0.27,0.95,1.49,2.05,,2.53
2021-10-05,0.28,0.98,1.54,2.1,,2.59
2021-10-06,0.3,0.99,1.53,2.08,,2.57
2021-10-07,0.32,1.02,1.58,2.13,,2.61
2021-10-08,0.32,1.05,1.61,2.16,,2.64
2021-10-11,,,,,,
2021-10-12,0.35,1.08,1.59,2.1,,2.64
2021-10-13,0.37,1.09,1.56,2.05,,2.68
2021-10-14,0.36,1.05,1.52,2.02,,2.69
2021-10-15,0.41,1.13,1.59,2.05,,2.71
2021-10-18,0.44,1.16,1.59,2.01,,2.71
2021-10-19,0.41,1.17,1.65,2.09,,2.71
2021-10-20,0.4,1.16,1.65,2.12,,2.77
2021-10-21,0.45,1.23,1.68,2.13,,2.94
2021-10-22,0.48,1.22,1.66,2.08,,2.91
2021-10-25,0.47,1.19,1.64,2.09,,2.95
2021-10-26,0.47,1.2,1.63,2.05,,2.99
2021-10-27,0.5,1.16,1.54,1.95,,2.96
2021-10-28,0.5,1.18,1.57,1.96,,2.9
2021-10-29,0.48,1.18,1.55,1.93,,2.89
2021-11-01,0.5,1.2,1.58,1.98,0.08,2.86
2021-11-02,0.46,1.15,1.56,1.96,,2.84
2021-11-03,0.47,1.19,1.6,2.0,,2.86
2021-11-04,0.41,1.1,1.53,1.96,,2.88
2021-11-05,0.39,1.04,1.45,1.87,,2.87
2021-11-08,0.45,1.13,1.51,1.89,,2.94
2021-11-09,0.41,1.08,1.46,1.83,,2.96
2021-11-10,0.51,1.23,1.56,1.92,,3.08
2021-11-11,,,,,,
2021-11-12,0.53,1.24,1.58,1.95,,3.11
2021-11-15,0.53,1.26,1.63,2.01,,3.17
2021-11-16,0.54,1.27,1.63,2.02,,3.17
2021-11-17,0.52,1.24,1.6,2.0,,3.14
2021-11-18,0.52,1.22,1.59,1.97,,3.11
2021-11-19,0.52,1.22,1.54,1.91,,3.02
2021-11-22,0.63,1.33,1.63,1.98,,2.98
2021-11-23,0.6,1.33,1.67,2.02,,3.0
2021-11-24,0.64,1.34,1.64,1.96,,3.03
2021-11-25,,,,,,
2021-11-26,0.5,1.16,1.48,1.83,,2.92
2021-11-29,0.51,1.18,1.52,1.87,,2.91
2021-11-30,0.52,1.14,1.43,1.78,,2.8
2021-12-01,0.56,1.15,1.43,1.77,0.08,2.7
2021-12-02,0.63,1.21,1.44,1.76,,2.73
2021-12-03,0.6,1.13,1.35,1.69,,2.72
2021-12-06,0.65,1.21,1.43,1.75,,2.79
2021-12-07,0.7,1.26,1.48,1.8,,2.84
2021-12-08,0.68,1.27,1.52,1.87,,2.88
2021-12-09,0.7,1.26,1.49,1.87,,2.8
2021-12-10,0.67,1.25,1.48,1.88,,2.76
2021-12-13,0.66,1.21,1.42,1.81,,2.73
2021-12-14,0.67,1.23,1.44,1.82,,2.66
2021-12-15,0.69,1.26,1.47,1.86,,2.67
2021-12-16,0.64,1.19,1.44,1.87,,2.7
2021-12-17,0.66,1.18,1.41,1.82,,2.65
2021-12-20,0.65,1.17,1.43,1.85,,2.65
2021-12-21,0.7,1.24,1.48,1.89,,2.69
2021-12-22,0.68,1.23,1.46,1.86,,2.7
2021-12-23,0.71,1.25,1.5,1.91,,2.72
2021-12-24,,,,,,
2021-12-27,0.76,1.26,1.48,1.88,,2.75
2021-12-28,0.74,1.27,1.49,1.9,,2.78
2021-12-29,0.75,1.29,1.55,1.96,,2.83
2021-12-30,0.73,1.27,1.52,1.93,,2.86
2021-12-31,0.73,1.26,1.52,1.9,,2.87
2022-01-01,,,,,0.08,
2022-01-03,0.78,1.37,1.63,2.01,,2.95
2022-01-04,0.77,1.37,1.66,2.07,,2.93
2022-01-05,0.83,1.43,1.71,2.09,,2.87
2022-01-06,0.88,1.47,1.73,2.09,,2.77
2022-01-07,0.87,1.5,1.76,2.11,,2.78
2022-01-10,0.92,1.53,1.78,2.11,,2.77
2022-01-11,0.9,1.51,1.75,2.08,,2.87
2022-01-12,0.92,1.5,1.74,2.08,,2.82
2022-01-13,0.91,1.47,1.7,2.05,,2.77
2022-01-14,0.99,1.55,1.78,2.12,,2.79
2022-01-17,,,,,,
2022-01-18,1.06,1.65,1.87,2.18,,2.8
2022-01-19,1.04,1.62,1.83,2.14,,2.73
2022-01-20,1.08,1.62,1.83,2.14,,2.74
2022-01-21,1.01,1.54,1.75,2.07,,2.7
2022-01-24,0.99,1.53,1.75,2.1,,2.74
2022-01-25,1.02,1.56,1.78,2.12,,2.78
2022-01-26,1.13,1.66,1.85,2.16,,2.75
2022-01-27,1.18,1.66,1.81,2.09,,2.76
2022-01-28,1.15,1.61,1.78,2.07,,2.8
2022-01-31,1.18,1.62,1.79,2.11,,2.82
2022-02-01,1.18,1.63,1.81,2.12,0.08,2.8
2022-02-02,1.16,1.6,1.78,2.11,,2.79
2022-02-03,1.19,1.66,1.82,2.14,,2.76
2022-02-04,1.31,1.78,1.93,2.23,,2.78
2022-02-07,1.3,1.76,1.92,2.22,,2.75
2022-02-08,1.35,1.81,1.96,2.25,,2.77
2022-02-09,1.36,1.82,1.94,2.25,,2.78
2022-02-10,1.61,1.96,2.03,2.3,,2.81
2022-02-11,1.5,1.84,1.92,2.24,,2.82
2022-02-14,1.58,1.9,1.98,2.29,,2.91
2022-02-15,1.58,1.94,2.05,2.37,,2.89
2022-02-16,1.52,1.9,2.03,2.34,,2.87
2022-02-17,1.49,1.85,1.97,2.31,,2.87
2022-02-18,1.47,1.82,1.92,2.24,,2.86
2022-02-21,,,,,,
2022-02-22,1.56,1.85,1.94,2.24,,2.89
2022-02-23,1.58,1.89,1.99,2.29,,3.01
2022-02-24,1.54,1.84,1.96,2.28,,3.05
2022-02-25,1.55,1.86,1.97,2.29,,3.02
2022-02-28,1.44,1.71,1.83,2.17,,3.11
2022-03-01,1.31,1.56,1.72,2.11,0.2,3.14
2022-03-02,1.5,1.74,1.86,2.24,,3.23
2022-03-03,1.53,1.74,1.86,2.24,,3.17
2022-03-04,1.5,1.65,1.74,2.16,,3.19
2022-03-07,1.55,1.71,1.78,2.19,,3.29
2022-03-08,1.63,1.8,1.86,2.24,,3.43
2022-03-09,1.68,1.87,1.94,2.29,,3.33
2022-03-10,1.72,1.92,1.98,2.38,,3.42
2022-03-11,1.75,1.96,2.0,2.36,,3.52
2022-03-14,1.87,2.1,2.14,2.47,,3.5
2022-03-15,1.85,2.1,2.15,2.49,,3.42
2022-03-16,1.95,2.18,2.19,2.46,,3.34
2022-03-17,1.94,2.17,2.2,2.5,,3.51
2022-03-18,1.97,2.14,2.14,2.42,,3.48
2022-03-21,2.14,2.33,2.32,2.55,,3.52
2022-03-22,2.18,2.39,2.38,2.6,,3.52
2022-03-23,2.13,2.34,2.32,2.52,,3.57
2022-03-24,2.13,2.37,2.34,2.51,,3.57
2022-03-25,2.3,2.55,2.48,2.6,,3.59
2022-03-28,2.35,2.54,2.46,2.57,,3.56
2022-03-29,2.35,2.49,2.41,2.53,,3.4
2022-03-30,2.31,2.44,2.35,2.48,,3.41
2022-03-31,2.28,2.42,2.32,2.44,,3.34
2022-04-01,2.44,2.55,2.39,2.44,0.33,3.28
2022-04-04,2.43,2.56,2.42,2.48,,3.28
2022-04-05,2.51,2.69,2.54,2.57,,3.31
2022-04-06,2.5,2.7,2.61,2.63,,3.28
2022-04-07,2.47,2.7,2.66,2.69,,3.26
2022-04-08,2.53,2.76,2.72,2.76,,3.33
2022-04-11,2.5,2.79,2.79,2.84,,3.37
2022-04-12,2.39,2.66,2.72,2.82,,3.31
2022-04-13,2.37,2.66,2.7,2.81,,3.25
2022-04-14,2.47,2.79,2.83,2.92,,3.33
2022-04-15,,,,,,
2022-04-18,2.46,2.79,2.85,2.95,,3.36
2022-04-19,2.61,2.91,2.93,3.01,,3.36
2022-04-20,2.6,2.87,2.85,2.9,,3.36
2022-04-21,2.68,2.96,2.9,2.94,,3.37
2022-04-22,2.72,2.94,2.9,2.95,,3.37
2022-04-25,2.63,2.84,2.81,2.88,,3.27
2022-04-26,2.54,2.79,2.77,2.86,,3.25
2022-04-27,2.58,2.81,2.82,2.91,,3.28
2022-04-28,2.63,2.86,2.85,2.92,,3.39
2022-04-29,2.7,2.92,2.89,2.96,,3.3
2022-05-01,,,,,0.77,
2022-05-02,2.73,3.01,2.99,3.07,,3.21
2022-05-03,2.78,3.01,2.97,3.03,,3.21
2022-05-04,2.66,2.93,2.93,3.01,,3.24
2022-05-05,2.71,3.01,3.05,3.15,,3.23
2022-05-06,2.72,3.06,3.12,3.23,,3.22
2022-05-09,2.61,2.95,3.05,3.19,,3.06
2022-05-10,2.62,2.91,2.99,3.12,,2.92
2022-05-11,2.66,2.89,2.91,3.05,,3.0
2022-05-12,2.56,2.81,2.84,3.0,,2.89
2022-05-13,2.61,2.89,2.93,3.1,,3.03
2022-05-16,2.58,2.83,2.88,3.09,,3.04
2022-05-17,2.71,2.96,2.98,3.17,,3.08
2022-05-18,2.68,2.89,2.89,3.07,,3.05
2022-05-19,2.63,2.84,2.84,3.05,,2.97
2022-05-20,2.6,2.8,2.78,2.99,,2.88
2022-05-23,2.65,2.88,2.86,3.08,,2.92
2022-05-24,2.5,2.76,2.76,2.98,,2.87
2022-05-25,2.48,2.71,2.75,2.97,,2.88
2022-05-26,2.46,2.7,2.75,2.99,,2.96
2022-05-27,2.47,2.71,2.74,2.97,,2.95
2022-05-30,,,,,,
2022-05-31,2.53,2.81,2.85,3.07,,2.96
2022-06-01,2.66,2.94,2.94,3.09,1.21,2.96
2022-06-02,2.65,2.92,2.92,3.09,,2.97
2022-06-03,2.66,2.95,2.96,3.11,,3.04
2022-06-06,2.73,3.03,3.04,3.19,,3.05
2022-06-07,2.75,2.99,2.98,3.13,,3.03
2022-06-08,2.78,3.03,3.03,3.18,,3.06
2022-06-09,2.83,3.07,3.04,3.18,,3.08
2022-06-10,3.06,3.25,3.15,3.2,,3.13
2022-06-13,3.4,3.56,3.43,3.42,,3.11
2022-06-14,3.45,3.61,3.49,3.45,,2.88
2022-06-15,3.2,3.38,3.33,3.39,,3.0
2022-06-16,3.14,3.35,3.28,3.35,,2.87
2022-06-17,3.17,3.34,3.25,3.3,,2.8
2022-06-20,,,,,,
2022-06-21,3.21,3.38,3.31,3.39,,2.84
2022-06-22,3.06,3.22,3.16,3.25,,2.74
2022-06-23,3.01,3.14,3.09,3.21,,2.69
2022-06-24,3.04,3.18,3.13,3.26,,2.82
2022-06-27,3.08,3.24,3.2,3.31,,2.79
2022-06-28,3.1,3.25,3.2,3.3,,2.73
2022-06-29,3.06,3.15,3.1,3.22,,2.59
2022-06-30,2.92,3.01,2.98,3.14,,2.58
2022-07-01,2.84,2.88,2.88,3.11,1.68,2.6
2022-07-04,,,,,,
2022-07-05,2.82,2.82,2.82,3.05,,2.51
2022-07-06,2.97,2.96,2.93,3.14,,2.48
2022-07-07,3.03,3.05,3.01,3.2,,2.53
2022-07-08,3.12,3.13,3.09,3.27,,2.62
2022-07-11,3.07,3.05,2.99,3.18,,2.56
2022-07-12,3.03,3.01,2.96,3.13,,2.5
2022-07-13,3.13,3.02,2.91,3.08,,2.51
2022-07-14,3.15,3.06,2.96,3.11,,2.54
2022-07-15,3.13,3.05,2.93,3.1,,2.59
2022-07-18,3.15,3.06,2.96,3.14,,2.63
2022-07-19,3.23,3.14,3.01,3.17,,2.67
2022-07-20,3.25,3.18,3.04,3.17,,2.67
2022-07-21,3.1,3.0,2.91,3.08,,2.55
2022-07-22,2.98,2.87,2.77,3.0,,2.56
2022-07-25,3.0,2.89,2.81,3.04,,2.58
2022-07-26,3.02,2.89,2.81,3.03,,2.56
2022-07-27,2.96,2.82,2.78,3.03,,2.61
2022-07-28,2.85,2.69,2.68,3.02,,2.67
2022-07-29,2.89,2.7,2.67,3.0,,2.73
2022-08-01,2.9,2.66,2.6,2.92,2.33,2.72
2022-08-02,3.06,2.85,2.75,3.0,,2.69
2022-08-03,3.1,2.86,2.73,2.96,,2.72
2022-08-04,3.03,2.76,2.68,2.97,,2.64
2022-08-05,3.24,2.97,2.83,3.06,,2.64
2022-08-08,3.21,2.91,2.77,3.0,,2.65
2022-08-09,3.28,2.97,2.8,3.01,,2.66
2022-08-10,3.23,2.93,2.78,3.04,,2.61
2022-08-11,3.23,2.98,2.87,3.15,,2.67
2022-08-12,3.25,2.97,2.84,3.12,,2.67
2022-08-15,3.2,2.91,2.79,3.1,,2.62
2022-08-16,3.25,2.95,2.82,3.11,,2.61
2022-08-17,3.28,3.04,2.89,3.15,,2.65
2022-08-18,3.22,3.02,2.88,3.14,,2.7
2022-08-19,3.25,3.11,2.98,3.22,,2.72
2022-08-22,3.32,3.17,3.03,3.24,,2.74
2022-08-23,3.29,3.18,3.05,3.26,,2.77
2022-08-24,3.36,3.2,3.11,3.32,,2.79
2022-08-25,3.35,3.15,3.03,3.25,,2.77
2022-08-26,3.37,3.2,3.04,3.21,,2.73
2022-08-29,3.42,3.27,3.12,3.25,,2.71
2022-08-30,3.46,3.27,3.11,3.23,,2.67
2022-08-31,3.45,3.3,3.15,3.27,,2.58
2022-09-01,3.51,3.39,3.26,3.37,2.56,2.52
2022-09-02,3.4,3.3,3.2,3.35,,2.55
2022-09-05,,,,,,
2022-09-06,3.5,3.43,3.33,3.49,,2.56
2022-09-07,3.45,3.37,3.27,3.42,,2.51
2022-09-08,3.48,3.39,3.29,3.45,,2.46
2022-09-09,3.56,3.45,3.33,3.47,,2.51
2022-09-12,3.58,3.47,3.37,3.53,,2.52
2022-09-13,3.75,3.58,3.42,3.51,,2.56
2022-09-14,3.78,3.6,3.41,3.47,,2.62
2022-09-15,3.87,3.66,3.45,3.48,,2.57
2022-09-16,3.85,3.62,3.45,3.52,,2.49
2022-09-19,3.95,3.69,3.49,3.52,,2.44
2022-09-20,3.96,3.75,3.57,3.59,,2.48
2022-09-21,4.02,3.74,3.51,3.5,,2.47
2022-09-22,4.11,3.91,3.7,3.65,,2.45
2022-09-23,4.2,3.96,3.69,3.61,,2.38
2022-09-26,4.27,4.15,3.88,3.72,,2.33
2022-09-27,4.3,4.21,3.97,3.87,,2.35
2022-09-28,4.07,3.92,3.72,3.7,,2.37
2022-09-29,4.16,3.98,3.76,3.71,,2.18
2022-09-30,4.22,4.06,3.83,3.79,,2.14
2022-10-01,,,,,3.08,
2022-10-03,4.12,3.9,3.67,3.73,,2.26
2022-10-04,4.1,3.84,3.62,3.7,,2.28
2022-10-05,4.15,3.96,3.76,3.78,,2.26
2022-10-06,4.23,4.05,3.83,3.81,,2.29
2022-10-07,4.3,4.14,3.89,3.86,,2.36
2022-10-10,,,,,,
2022-10-11,4.3,4.14,3.93,3.92,,2.36
2022-10-12,4.28,4.12,3.91,3.9,,2.32
2022-10-13,4.47,4.21,3.97,3.97,,2.38
2022-10-14,4.48,4.25,4.0,3.99,,2.44
2022-10-17,4.45,4.24,4.02,4.04,,2.48
2022-10-18,4.43,4.21,4.01,4.04,,2.42
2022-10-19,4.55,4.35,4.14,4.15,,2.46
2022-10-20,4.62,4.45,4.24,4.24,,2.65
2022-10-21,4.49,4.34,4.21,4.33,,2.69
2022-10-24,4.5,4.36,4.25,4.4,,2.72
2022-10-25,4.42,4.25,4.1,4.26,,2.62
2022-10-26,4.39,4.2,4.04,4.19,,2.56
2022-10-27,4.3,4.09,3.96,4.12,,2.57
2022-10-28,4.41,4.19,4.02,4.15,,2.62
2022-10-31,4.51,4.27,4.1,4.22,,2.67
2022-11-01,4.54,4.27,4.07,4.14,3.78,2.65
2022-11-02,4.61,4.3,4.1,4.15,,2.68
2022-11-03,4.71,4.36,4.14,4.18,,2.54
2022-11-04,4.66,4.33,4.17,4.27,,2.61
2022-11-07,4.72,4.39,4.22,4.34,,2.67
2022-11-08,4.67,4.31,4.14,4.28,,2.61
2022-11-09,4.61,4.27,4.12,4.31,,2.53
2022-11-10,4.34,3.95,3.82,4.03,,2.47
2022-11-11,,,,,,
2022-11-14,4.4,4.0,3.88,4.07,,2.42
2022-11-15,4.37,3.93,3.8,3.98,,2.4
2022-11-16,4.35,3.83,3.67,3.85,,2.35
2022-11-17,4.43,3.93,3.77,3.89,,2.32
2022-11-18,4.51,3.99,3.82,3.92,,2.28
2022-11-21,4.48,3.97,3.83,3.91,,2.34
2022-11-22,4.47,3.93,3.76,3.83,,2.35
2022-11-23,4.46,3.88,3.71,3.74,,2.33
2022-11-24,,,,,,
2022-11-25,4.42,3.85,3.68,3.74,,2.34
2022-11-28,4.46,3.88,3.69,3.74,,2.29
2022-11-29,4.48,3.92,3.75,3.81,,2.3
2022-11-30,4.38,3.82,3.68,3.8,,2.41
2022-12-01,4.25,3.68,3.53,3.64,4.1,2.45
2022-12-02,4.28,3.67,3.51,3.56,,2.51
2022-12-05,4.41,3.8,3.6,3.62,,2.46
2022-12-06,4.34,3.73,3.51,3.52,,2.38
2022-12-07,4.26,3.62,3.42,3.42,,2.33
2022-12-08,4.31,3.71,3.48,3.44,,2.36
2022-12-09,4.33,3.75,3.57,3.56,,2.3
2022-12-12,4.39,3.8,3.61,3.57,,2.35
2022-12-13,4.22,3.66,3.51,3.53,,2.31
2022-12-14,4.23,3.64,3.49,3.52,,2.25
2022-12-15,4.23,3.62,3.44,3.48,,2.21
2022-12-16,4.17,3.61,3.48,3.53,,2.14
2022-12-19,4.25,3.7,3.57,3.62,,2.19
2022-12-20,4.25,3.79,3.69,3.74,,2.26
2022-12-21,4.21,3.78,3.68,3.74,,2.31
2022-12-22,4.24,3.79,3.67,3.73,,2.24
2022-12-23,4.31,3.86,3.75,3.82,,2.29
2022-12-26,,,,,,
2022-12-27,4.32,3.94,3.84,3.93,,2.33
2022-12-28,4.31,3.97,3.88,3.98,,2.33
2022-12-29,4.34,3.94,3.83,3.92,,2.32
2022-12-30,4.41,3.99,3.88,3.97,,2.33
2023-01-01,,,,,4.33,
2023-01-02,,,,,,
2023-01-03,4.4,3.94,3.79,3.88,,2.29
2023-01-04,4.36,3.85,3.69,3.81,,2.21
2023-01-05,4.45,3.9,3.71,3.78,,2.22
2023-01-06,4.24,3.69,3.55,3.67,,2.18
2023-01-09,4.19,3.66,3.53,3.66,,2.18
2023-01-10,4.24,3.72,3.61,3.74,,2.2
2023-01-11,4.2,3.66,3.54,3.67,,2.21
2023-01-12,4.12,3.53,3.43,3.56,,2.21
2023-01-13,4.22,3.6,3.49,3.61,,2.2
2023-01-16,,,,,,
2023-01-17,4.18,3.6,3.53,3.64,,2.18
2023-01-18,4.06,3.43,3.37,3.54,,2.09
2023-01-19,4.09,3.48,3.39,3.57,,2.21
2023-01-20,4.14,3.56,3.48,3.66,,2.23
2023-01-23,4.21,3.61,3.52,3.69,,2.28
2023-01-24,4.12,3.58,3.46,3.62,,2.29
2023-01-25,4.11,3.54,3.46,3.62,,2.28
2023-01-26,4.17,3.58,3.49,3.62,,2.32
2023-01-27,4.19,3.62,3.52,3.64,,2.33
2023-01-30,4.25,3.68,3.55,3.66,,2.3
2023-01-31,4.21,3.63,3.52,3.65,,2.27
2023-02-01,4.09,3.48,3.39,3.55,4.57,2.29
2023-02-02,4.09,3.49,3.4,3.55,,2.26
2023-02-03,4.3,3.67,3.53,3.63,,2.27
2023-02-06,4.44,3.81,3.63,3.67,,2.33
2023-02-07,4.47,3.85,3.67,3.72,,2.4
2023-02-08,4.45,3.82,3.63,3.7,,2.46
2023-02-09,4.48,3.87,3.67,3.75,,2.45
2023-02-10,4.5,3.93,3.74,3.83,,2.47
2023-02-13,4.52,3.93,3.72,3.79,,2.44
2023-02-14,4.6,4.0,3.77,3.81,,2.45
2023-02-15,4.62,4.04,3.81,3.85,,2.51
2023-02-16,4.62,4.06,3.86,3.92,,2.52
2023-02-17,4.6,4.03,3.82,3.88,,2.5
2023-02-20,,,,,,
2023-02-21,4.67,4.16,3.95,3.98,,2.58
2023-02-22,4.66,4.13,3.93,3.94,,2.52
2023-02-23,4.66,4.09,3.88,3.88,,2.5
2023-02-24,4.78,4.19,3.95,3.93,,2.47
2023-02-27,4.78,4.17,3.92,3.93,,2.49
2023-02-28,4.81,4.18,3.92,3.93,,2.58
2023-03-01,4.89,4.27,4.01,3.97,4.65,2.59
2023-03-02,4.89,4.32,4.08,4.03,,2.65
2023-03-03,4.86,4.26,3.97,3.9,,2.71
2023-03-06,4.89,4.27,3.98,3.92,,2.7
2023-03-07,5.0,4.31,3.97,3.88,,2.54
2023-03-08,5.05,4.34,3.98,3.88,,2.47
2023-03-09,4.9,4.22,3.93,3.88,,2.43
2023-03-10,4.6,3.96,3.7,3.7,,2.34
2023-03-13,4.03,3.68,3.55,3.7,,2.26
2023-03-14,4.2,3.78,3.64,3.77,,2.35
2023-03-15,3.93,3.59,3.51,3.7,,2.33
2023-03-16,4.14,3.72,3.56,3.71,,2.26
2023-03-17,3.81,3.44,3.39,3.6,,2.1
2023-03-20,3.92,3.56,3.47,3.65,,2.14
2023-03-21,4.17,3.73,3.59,3.73,,2.25
2023-03-22,3.96,3.54,3.48,3.68,,2.31
2023-03-23,3.76,3.39,3.38,3.66,,2.26
2023-03-24,3.76,3.41,3.38,3.64,,2.21
2023-03-27,3.94,3.59,3.53,3.77,,2.27
2023-03-28,4.02,3.63,3.55,3.77,,2.34
2023-03-29,4.08,3.67,3.57,3.78,,2.38
2023-03-30,4.1,3.66,3.55,3.74,,2.4
2023-03-31,4.06,3.6,3.48,3.67,,2.4
2023-04-01,,,,,4.83,
2023-04-03,3.97,3.52,3.43,3.64,,2.39
2023-04-04,3.84,3.39,3.35,3.6,,2.32
2023-04-05,3.79,3.36,3.3,3.56,,2.29
2023-04-06,3.82,3.37,3.3,3.54,,2.31
2023-04-07,3.97,3.49,3.39,3.61,,2.33
2023-04-10,4.0,3.52,3.41,3.62,,2.34
2023-04-11,4.03,3.54,3.43,3.62,,2.36
2023-04-12,3.95,3.46,3.41,3.64,,2.29
2023-04-13,3.96,3.51,3.45,3.69,,2.29
2023-04-14,4.08,3.6,3.52,3.74,,2.31
2023-04-17,4.18,3.69,3.6,3.81,,2.35
2023-04-18,4.19,3.69,3.58,3.79,,2.33
2023-04-19,4.24,3.71,3.6,3.79,,2.33
2023-04-20,4.14,3.63,3.54,3.75,,2.28
2023-04-21,4.17,3.66,3.57,3.78,,2.3
2023-04-24,4.12,3.6,3.52,3.73,,2.33
2023-04-25,3.86,3.43,3.4,3.65,,2.26
2023-04-26,3.9,3.46,3.43,3.7,,2.26
2023-04-27,4.07,3.6,3.53,3.76,,2.29
2023-04-28,4.04,3.51,3.44,3.67,,2.2
2023-05-01,4.14,3.64,3.59,3.84,5.06,2.24
2023-05-02,3.97,3.46,3.44,3.72,,2.18
2023-05-03,3.89,3.37,3.38,3.7,,2.19
2023-05-04,3.75,3.29,3.37,3.73,,2.13
2023-05-05,3.92,3.41,3.44,3.76,,2.19
2023-05-08,4.0,3.49,3.52,3.84,,2.22
2023-05-09,4.01,3.51,3.53,3.85,,2.22
2023-05-10,3.9,3.37,3.43,3.8,,2.13
2023-05-11,3.89,3.36,3.39,3.73,,2.1
2023-05-12,3.98,3.45,3.46,3.78,,2.11
2023-05-15,3.99,3.46,3.5,3.84,,2.12
2023-05-16,4.06,3.52,3.54,3.87,,2.11
2023-05-17,4.12,3.58,3.57,3.88,,2.16
2023-05-18,4.24,3.69,3.65,3.91,,2.16
2023-05-19,4.28,3.76,3.7,3.95,,2.19
2023-05-22,4.29,3.77,3.72,3.97,,2.18
2023-05-23,4.26,3.76,3.7,3.96,,2.21
2023-05-24,4.31,3.75,3.73,3.97,,2.14
2023-05-25,4.5,3.9,3.83,4.01,,2.12
2023-05-26,4.54,3.92,3.8,3.96,,2.13
2023-05-29,,,,,,
2023-05-30,4.46,3.81,3.69,3.9,,2.12
2023-05-31,4.4,3.74,3.64,3.85,,2.07
2023-06-01,4.33,3.7,3.61,3.84,5.08,2.07
2023-06-02,4.5,3.84,3.69,3.88,,2.13
2023-06-05,4.46,3.82,3.69,3.89,,2.15
2023-06-06,4.51,3.85,3.7,3.87,,2.14
2023-06-07,4.56,3.93,3.79,3.95,,2.15
2023-06-08,4.52,3.87,3.73,3.89,,2.14
2023-06-09,4.59,3.92,3.75,3.89,,2.13
2023-06-12,4.55,3.89,3.73,3.87,,2.09
2023-06-13,4.67,4.01,3.84,3.94,,2.12
2023-06-14,4.74,4.06,3.83,3.9,,2.15
2023-06-15,4.62,3.91,3.72,3.85,,2.16
2023-06-16,4.7,3.99,3.77,3.86,,2.17
2023-06-19,,,,,,
2023-06-20,4.68,3.96,3.74,3.83,,2.14
2023-06-21,4.68,3.95,3.72,3.81,,2.15
2023-06-22,4.77,4.03,3.8,3.88,,2.18
2023-06-23,4.71,3.99,3.74,3.82,,2.16
2023-06-26,4.65,3.96,3.72,3.83,,2.13
2023-06-27,4.74,4.02,3.77,3.84,,2.12
2023-06-28,4.71,3.97,3.71,3.81,,2.12
2023-06-29,4.87,4.14,3.85,3.92,,2.15
2023-06-30,4.87,4.13,3.81,3.85,,2.18
2023-07-01,,,,,5.12,
2023-07-03,4.94,4.19,3.86,3.87,,2.21
2023-07-04,,,,,,
2023-07-05,4.94,4.25,3.95,3.95,,2.2
2023-07-06,4.99,4.37,4.05,4.01,,2.22
2023-07-07,4.94,4.35,4.06,4.05,,2.22
2023-07-10,4.85,4.25,4.01,4.05,,2.19
2023-07-11,4.88,4.24,3.99,4.03,,2.16
2023-07-12,4.72,4.07,3.86,3.96,,2.18
2023-07-13,4.59,3.93,3.76,3.9,,2.16
2023-07-14,4.74,4.04,3.83,3.93,,2.15
2023-07-17,4.74,4.02,3.81,3.94,,2.16
2023-07-18,4.74,4.0,3.8,3.91,,2.13
2023-07-19,4.74,3.98,3.75,3.84,,2.13
2023-07-20,4.8,4.08,3.85,3.91,,2.21
2023-07-21,4.82,4.09,3.84,3.91,,2.23
2023-07-24,4.81,4.13,3.86,3.92,,2.28
2023-07-25,4.85,4.15,3.91,3.95,,2.26
2023-07-26,4.82,4.09,3.86,3.94,,2.24
2023-07-27,4.91,4.24,4.01,4.06,,2.27
2023-07-28,4.87,4.18,3.96,4.03,,2.28
2023-07-31,4.88,4.18,3.97,4.02,,2.27
2023-08-01,4.92,4.24,4.05,4.11,5.33,2.26
2023-08-02,4.88,4.24,4.08,4.17,,2.25
2023-08-03,4.9,4.3,4.2,4.32,,2.24
2023-08-04,4.78,4.15,4.05,4.21,,2.26
2023-08-07,4.76,4.16,4.09,4.27,,2.29
2023-08-08,4.74,4.1,4.02,4.2,,2.24
2023-08-09,4.79,4.12,4.0,4.18,,2.23
2023-08-10,4.82,4.21,4.09,4.24,,2.25
2023-08-11,4.89,4.31,4.16,4.27,,2.3
2023-08-14,4.96,4.36,4.19,4.29,,2.29
2023-08-15,4.92,4.36,4.21,4.32,,2.24
2023-08-16,4.97,4.42,4.28,4.38,,2.23
2023-08-17,4.94,4.42,4.3,4.41,,2.24
2023-08-18,4.92,4.38,4.26,4.38,,2.22
2023-08-21,4.97,4.46,4.34,4.45,,2.25
2023-08-22,5.02,4.49,4.34,4.42,,2.27
2023-08-23,4.95,4.36,4.19,4.27,,2.26
2023-08-24,4.98,4.39,4.23,4.3,,2.24
2023-08-25,5.03,4.44,4.25,4.3,,2.25
2023-08-28,4.98,4.38,4.2,4.29,,2.21
2023-08-29,4.87,4.26,4.12,4.23,,2.18
2023-08-30,4.9,4.27,4.12,4.23,,2.16
2023-08-31,4.85,4.23,4.09,4.2,,2.15
2023-09-01,4.87,4.29,4.18,4.29,5.33,2.17
2023-09-04,,,,,,
2023-09-05,4.94,4.37,4.27,4.38,,2.21
2023-09-06,5.01,4.44,4.3,4.37,,2.23
2023-09-07,4.94,4.38,4.27,4.36,,2.24
2023-09-08,4.98,4.39,4.26,4.33,,2.26
2023-09-11,4.97,4.4,4.29,4.37,,2.26
2023-09-12,4.98,4.41,4.27,4.35,,2.27
2023-09-13,4.96,4.39,4.25,4.34,,2.28
2023-09-14,5.0,4.42,4.29,4.39,,2.27
2023-09-15,5.02,4.45,4.33,4.42,,2.27
2023-09-18,5.05,4.46,4.32,4.4,,2.29
2023-09-19,5.08,4.51,4.37,4.43,,2.3
2023-09-20,5.12,4.52,4.35,4.4,,2.27
2023-09-21,5.12,4.61,4.49,4.56,,2.29
2023-09-22,5.1,4.57,4.44,4.53,,2.29
2023-09-25,5.09,4.62,4.55,4.67,,2.25
2023-09-26,5.04,4.62,4.56,4.7,,2.2
2023-09-27,5.1,4.67,4.61,4.73,,2.23
2023-09-28,5.04,4.62,4.59,4.71,,2.27
2023-09-29,5.03,4.6,4.59,4.73,,2.22
2023-10-01,,,,,5.33,
2023-10-02,5.12,4.72,4.69,4.81,,2.23
2023-10-03,5.15,4.8,4.81,4.95,,2.21
2023-10-04,5.05,4.72,4.73,4.87,,2.18
2023-10-05,5.03,4.68,4.72,4.89,,2.14
2023-10-06,5.08,4.75,4.78,4.95,,2.17
2023-10-09,,,,,,
2023-10-10,4.96,4.62,4.66,4.85,,2.18
2023-10-11,4.99,4.59,4.58,4.73,,2.2
2023-10-12,5.06,4.69,4.7,4.86,,2.23
2023-10-13,5.04,4.65,4.63,4.78,,2.26
2023-10-16,5.09,4.72,4.71,4.87,,2.3
2023-10-17,5.19,4.86,4.83,4.94,,2.32
2023-10-18,5.19,4.92,4.91,5.0,,2.35
2023-10-19,5.14,4.95,4.98,5.11,,2.52
2023-10-20,5.07,4.86,4.93,5.09,,2.47
2023-10-23,5.05,4.81,4.86,5.01,,2.41
2023-10-24,5.02,4.82,4.83,4.96,,2.38
2023-10-25,5.08,4.89,4.95,5.09,,2.4
2023-10-26,5.02,4.79,4.86,5.01,,2.37
2023-10-27,4.99,4.76,4.84,5.03,,2.39
2023-10-30,5.03,4.8,4.88,5.04,,2.4
2023-10-31,5.07,4.82,4.88,5.04,,2.4
2023-11-01,4.95,4.67,4.77,4.96,5.33,2.36
2023-11-02,4.98,4.65,4.67,4.82,,2.35
2023-11-03,4.83,4.49,4.57,4.77,,2.32
2023-11-06,4.93,4.6,4.67,4.84,,2.35
2023-11-07,4.91,4.53,4.58,4.75,,2.32
2023-11-08,4.93,4.51,4.49,4.64,,2.29
2023-11-09,5.03,4.65,4.62,4.77,,2.3
2023-11-10,5.04,4.65,4.61,4.73,,2.28
2023-11-13,5.02,4.66,4.63,4.75,,2.29
2023-11-14,4.8,4.42,4.44,4.61,,2.23
2023-11-15,4.9,4.52,4.53,4.68,,2.24
2023-11-16,4.83,4.43,4.45,4.63,,2.2
2023-11-17,4.88,4.45,4.44,4.59,,2.23
2023-11-20,4.89,4.44,4.42,4.57,,2.26
2023-11-21,4.86,4.41,4.41,4.57,,2.19
2023-11-22,4.89,4.44,4.42,4.55,,2.21
2023-11-23,,,,,,
2023-11-24,4.92,4.49,4.47,4.6,,2.21
2023-11-27,4.84,4.38,4.39,4.53,,2.12
2023-11-28,4.73,4.29,4.34,4.52,,2.15
2023-11-29,4.64,4.22,4.27,4.44,,2.14
2023-11-30,4.73,4.31,4.37,4.54,,2.15
2023-12-01,4.56,4.14,4.22,4.4,5.33,2.12
2023-12-04,4.64,4.23,4.28,4.43,,2.13
2023-12-05,4.57,4.14,4.18,4.3,,2.09
2023-12-06,4.6,4.12,4.12,4.22,,2.05
2023-12-07,4.58,4.11,4.14,4.25,,2.06
2023-12-08,4.71,4.24,4.23,4.31,,2.11
2023-12-11,4.71,4.25,4.23,4.32,,2.11
2023-12-12,4.73,4.23,4.2,4.3,,2.08
2023-12-13,4.46,4.0,4.04,4.19,,2.08
2023-12-14,4.37,3.9,3.92,4.03,,2.18
2023-12-15,4.44,3.91,3.91,4.0,,2.17
2023-12-18,4.43,3.94,3.95,4.05,,2.18
2023-12-19,4.41,3.94,3.93,4.03,,2.17
2023-12-20,4.34,3.86,3.86,3.98,,2.16
2023-12-21,4.33,3.87,3.89,4.03,,2.18
2023-12-22,4.31,3.87,3.9,4.05,,2.16
2023-12-25,,,,,,
2023-12-26,4.26,3.89,3.89,4.04,,2.17
2023-12-27,4.2,3.78,3.79,3.95,,2.12
2023-12-28,4.26,3.83,3.84,3.98,,2.11
2023-12-29,4.23,3.84,3.88,4.03,,2.12
2024-01-01,,,,,5.33,
2024-01-02,4.33,3.93,3.95,4.08,,2.17
2024-01-03,4.33,3.9,3.91,4.05,,2.17
2024-01-04,4.38,3.97,3.99,4.13,,2.18
2024-01-05,4.4,4.02,4.05,4.21,,2.19
2024-01-08,4.36,3.97,4.01,4.17,,2.19
2024-01-09,4.36,3.97,4.02,4.18,,2.17
2024-01-10,4.37,3.99,4.04,4.2,,2.18
2024-01-11,4.26,3.9,3.98,4.18,,2.18
2024-01-12,4.14,3.84,3.96,4.2,,2.22
2024-01-15,,,,,,
2024-01-16,4.22,3.95,4.07,4.3,,2.24
2024-01-17,4.34,4.02,4.1,4.31,,2.24
2024-01-18,4.34,4.04,4.14,4.37,,2.28
2024-01-19,4.39,4.08,4.15,4.36,,2.3
2024-01-22,4.37,4.03,4.11,4.32,,2.27
2024-01-23,4.31,4.06,4.14,4.38,,2.26
2024-01-24,4.34,4.06,4.18,4.41,,2.23
2024-01-25,4.28,4.01,4.14,4.38,,2.24
2024-01-26,4.34,4.04,4.15,4.38,,2.26
2024-01-29,4.29,3.97,4.08,4.31,,2.26
2024-01-30,4.36,4.0,4.06,4.28,,2.25
2024-01-31,4.27,3.91,3.99,4.22,,2.24
2024-02-01,4.2,3.8,3.87,4.1,5.33,2.17
2024-02-02,4.36,3.99,4.03,4.22,,2.19
2024-02-05,4.46,4.13,4.17,4.35,,2.26
2024-02-06,4.39,4.03,4.09,4.29,,2.24
2024-02-07,4.41,4.06,4.09,4.31,,2.26
2024-02-08,4.46,4.12,4.15,4.36,,2.28
2024-02-09,4.48,4.14,4.17,4.37,,2.28
2024-02-12,4.46,4.13,4.17,4.37,,2.27
2024-02-13,4.64,4.31,4.31,4.46,,2.33
2024-02-14,4.56,4.25,4.27,4.45,,2.34
2024-02-15,4.56,4.22,4.24,4.42,,2.35
2024-02-16,4.64,4.29,4.3,4.45,,2.38
2024-02-19,,,,,,
2024-02-20,4.59,4.25,4.27,4.44,,2.37
2024-02-21,4.64,4.3,4.32,4.49,,2.39
2024-02-22,4.69,4.33,4.33,4.47,,2.37
2024-02-23,4.67,4.28,4.26,4.37,,2.34
2024-02-26,4.69,4.29,4.28,4.4,,2.36
2024-02-27,4.7,4.32,4.31,4.44,,2.38
2024-02-28,4.64,4.26,4.27,4.4,,2.38
2024-02-29,4.64,4.26,4.25,4.38,,2.4
2024-03-01,4.54,4.17,4.19,4.33,5.33,2.4
2024-03-04,4.61,4.21,4.22,4.36,,2.42
2024-03-05,4.54,4.13,4.13,4.27,,2.39
2024-03-06,4.55,4.12,4.11,4.24,,2.38
2024-03-07,4.5,4.07,4.09,4.25,,2.34
2024-03-08,4.48,4.06,4.09,4.26,,2.34
2024-03-11,4.51,4.08,4.1,4.26,,2.32
2024-03-12,4.58,4.15,4.16,4.31,,2.35
2024-03-13,4.61,4.19,4.19,4.35,,2.37
2024-03-14,4.68,4.29,4.29,4.44,,2.37
2024-03-15,4.72,4.33,4.31,4.43,,2.39
2024-03-18,4.73,4.36,4.34,4.46,,2.39
2024-03-19,4.68,4.31,4.3,4.44,,2.38
2024-03-20,4.59,4.25,4.27,4.45,,2.4
2024-03-21,4.62,4.26,4.27,4.44,,2.43
2024-03-22,4.59,4.2,4.22,4.39,,2.41
2024-03-25,4.54,4.23,4.25,4.42,,2.41
2024-03-26,4.56,4.22,4.24,4.4,,2.38
2024-03-27,4.54,4.18,4.2,4.36,,2.37
2024-03-28,4.59,4.21,4.2,4.34,,2.38
2024-03-29,,,,,,
2024-04-01,4.72,4.34,4.33,4.47,5.33,2.41
2024-04-02,4.7,4.35,4.36,4.51,,2.44
2024-04-03,4.68,4.34,4.36,4.51,,2.43
2024-04-04,4.65,4.3,4.31,4.47,,2.42
2024-04-05,4.73,4.38,4.39,4.54,,2.45
2024-04-08,4.78,4.43,4.42,4.55,,2.47
2024-04-09,4.74,4.37,4.36,4.5,,2.44
2024-04-10,4.97,4.61,4.55,4.64,,2.49
2024-04-11,4.93,4.61,4.56,4.65,,2.48
2024-04-12,4.88,4.54,4.5,4.61,,2.47
2024-04-15,4.93,4.65,4.63,4.74,,2.52
2024-04-16,4.97,4.69,4.67,4.77,,2.52
2024-04-17,4.93,4.62,4.59,4.71,,2.47
2024-04-18,4.98,4.68,4.64,4.74,,2.44
2024-04-19,4.97,4.66,4.62,4.72,,2.44
2024-04-22,4.97,4.66,4.62,4.72,,2.45
2024-04-23,4.86,4.63,4.61,4.73,,2.44
2024-04-24,4.89,4.64,4.65,4.78,,2.42
2024-04-25,4.96,4.7,4.7,4.82,,2.43
2024-04-26,4.96,4.68,4.67,4.78,,2.44
2024-04-29,4.97,4.65,4.63,4.75,,2.43
2024-04-30,5.04,4.72,4.69,4.79,,2.43
2024-05-01,4.96,4.64,4.63,4.74,5.33,2.39
2024-05-02,4.87,4.57,4.58,4.72,,2.37
2024-05-03,4.81,4.48,4.5,4.66,,2.35
2024-05-06,4.82,4.48,4.49,4.64,,2.34
2024-05-07,4.82,4.48,4.47,4.61,,2.32
2024-05-08,4.84,4.5,4.48,4.64,,2.31
2024-05-09,4.8,4.47,4.45,4.6,,2.34
2024-05-10,4.87,4.52,4.5,4.64,,2.34
2024-05-13,4.85,4.5,4.48,4.63,,2.33
2024-05-14,4.81,4.46,4.45,4.59,,2.32
2024-05-15,4.73,4.35,4.36,4.52,,2.29
2024-05-16,4.78,4.4,4.38,4.52,,2.3
2024-05-17,4.83,4.44,4.42,4.56,,2.32
2024-05-20,4.82,4.46,4.44,4.58,,2.33
2024-05-21,4.82,4.43,4.41,4.55,,2.33
2024-05-22,4.86,4.47,4.43,4.55,,2.33
2024-05-23,4.91,4.52,4.47,4.58,,2.31
2024-05-24,4.93,4.53,4.46,4.57,,2.33
2024-05-27,,,,,,
2024-05-28,4.94,4.56,4.54,4.66,,2.33
2024-05-29,4.96,4.63,4.61,4.74,,2.36
2024-05-30,4.92,4.57,4.55,4.69,,2.35
2024-05-31,4.89,4.52,4.51,4.65,,2.34
2024-06-01,,,,,5.33,
2024-06-03,4.82,4.42,4.41,4.55,,2.31
2024-06-04,4.77,4.35,4.33,4.48,,2.28
2024-06-05,4.72,4.31,4.29,4.44,,2.27
2024-06-06,4.72,4.29,4.28,4.43,,2.25
2024-06-07,4.87,4.46,4.43,4.55,,2.28
2024-06-10,4.87,4.48,4.47,4.59,,2.27
2024-06-11,4.81,4.41,4.39,4.53,,2.25
2024-06-12,4.75,4.32,4.31,4.47,,2.17
2024-06-13,4.68,4.24,4.24,4.4,,2.14
2024-06-14,4.67,4.22,4.2,4.34,,2.11
2024-06-17,4.75,4.3,4.28,4.4,,2.16
2024-06-18,4.69,4.24,4.22,4.36,,2.17
2024-06-19,,,,,,
2024-06-20,4.7,4.26,4.25,4.39,,2.21
2024-06-21,4.7,4.26,4.25,4.39,,2.19
2024-06-24,4.71,4.27,4.25,4.38,,2.18
2024-06-25,4.65,4.25,4.23,4.36,,2.17
2024-06-26,4.71,4.32,4.32,4.45,,2.2
2024-06-27,4.7,4.29,4.29,4.43,,2.22
2024-06-28,4.71,4.33,4.36,4.51,,2.24
2024-07-01,4.77,4.44,4.48,4.64,5.33,2.29
2024-07-02,4.74,4.39,4.43,4.6,,2.26
2024-07-03,4.71,4.33,4.36,4.53,,2.23
2024-07-04,,,,,,
2024-07-05,4.6,4.22,4.28,4.47,,2.22
2024-07-08,4.62,4.23,4.28,4.46,,2.22
2024-07-09,4.62,4.24,4.3,4.49,,2.21
2024-07-10,4.62,4.24,4.28,4.47,,2.22
2024-07-11,4.5,4.13,4.2,4.41,,2.18
2024-07-12,4.45,4.1,4.18,4.39,,2.15
2024-07-15,4.44,4.13,4.23,4.46,,2.2
2024-07-16,4.43,4.09,4.17,4.38,,2.2
2024-07-17,4.42,4.07,4.16,4.37,,2.19
2024-07-18,4.46,4.11,4.2,4.41,,2.19
2024-07-19,4.49,4.16,4.25,4.45,,2.18
2024-07-22,4.5,4.17,4.26,4.48,,2.18
2024-07-23,4.4,4.15,4.25,4.48,,2.17
2024-07-24,4.37,4.12,4.28,4.54,,2.13
2024-07-25,4.41,4.13,4.27,4.5,,2.13
2024-07-26,4.36,4.06,4.2,4.45,,2.13
2024-07-29,4.36,4.05,4.17,4.42,,2.13
2024-07-30,4.35,4.03,4.15,4.4,,2.12
2024-07-31,4.29,3.97,4.09,4.35,,2.13
2024-08-01,4.16,3.84,3.99,4.27,5.33,2.06
2024-08-02,3.88,3.62,3.8,4.11,,1.89
2024-08-05,3.89,3.62,3.78,4.06,,1.91
2024-08-06,3.99,3.73,3.9,4.18,,1.96
2024-08-07,4.0,3.79,3.96,4.26,,1.97
2024-08-08,4.04,3.83,3.99,4.28,,1.98
2024-08-09,4.05,3.8,3.94,4.23,,1.96
2024-08-12,4.01,3.75,3.9,4.19,,1.98
2024-08-13,3.93,3.68,3.85,4.16,,1.96
2024-08-14,3.94,3.67,3.83,4.12,,1.93
2024-08-15,4.08,3.79,3.92,4.18,,1.99
2024-08-16,4.06,3.77,3.89,4.15,,1.97
2024-08-19,4.06,3.75,3.86,4.11,,1.94
2024-08-20,3.99,3.7,3.82,4.07,,1.95
2024-08-21,3.92,3.64,3.79,4.06,,1.94
2024-08-22,3.99,3.72,3.86,4.13,,1.96
2024-08-23,3.9,3.65,3.81,4.1,,2.01
2024-08-26,3.91,3.66,3.82,4.11,,2.02
2024-08-27,3.83,3.66,3.83,4.13,,2.02
2024-08-28,3.83,3.63,3.84,4.13,,1.99
2024-08-29,3.87,3.66,3.87,4.15,,2.01
2024-08-30,3.91,3.71,3.91,4.2,,2.01
2024-09-01,,,,,5.13,
2024-09-02,,,,,,
2024-09-03,3.88,3.65,3.84,4.13,,1.95
2024-09-04,3.76,3.56,3.77,4.06,,1.9
2024-09-05,3.75,3.54,3.73,4.02,,1.87
2024-09-06,3.66,3.5,3.72,4.03,,1.86
2024-09-09,3.68,3.49,3.7,4.0,,1.88
2024-09-10,3.59,3.43,3.65,3.97,,1.86
2024-09-11,3.62,3.45,3.65,3.96,,1.9
2024-09-12,3.64,3.47,3.68,4.0,,1.93
2024-09-13,3.57,3.43,3.66,3.98,,1.95
2024-09-16,3.56,3.41,3.63,3.94,,1.94
2024-09-17,3.59,3.44,3.65,3.96,,1.97
2024-09-18,3.61,3.47,3.7,4.03,,1.98
2024-09-19,3.59,3.49,3.73,4.06,,2.04
2024-09-20,3.55,3.48,3.73,4.07,,2.02
2024-09-23,3.57,3.51,3.75,4.09,,2.04
2024-09-24,3.49,3.47,3.74,4.09,,2.06
2024-09-25,3.53,3.52,3.79,4.14,,2.06
2024-09-26,3.6,3.55,3.79,4.12,,2.03
2024-09-27,3.55,3.5,3.75,4.1,,2.03
2024-09-30,3.66,3.58,3.81,4.14,,2.07
2024-10-01,3.61,3.51,3.74,4.08,4.83,2.07
2024-10-02,3.63,3.55,3.79,4.14,,2.1
2024-10-03,3.7,3.62,3.85,4.18,,2.11
2024-10-04,3.93,3.81,3.98,4.26,,2.14
2024-10-07,3.99,3.86,4.03,4.3,,2.17
2024-10-08,3.98,3.86,4.04,4.32,,2.17
2024-10-09,3.99,3.91,4.06,4.34,,2.21
2024-10-10,3.98,3.91,4.09,4.38,,2.26
2024-10-11,3.95,3.88,4.08,4.39,,2.25
2024-10-14,,,,,,
2024-10-15,3.95,3.86,4.03,4.32,,2.22
2024-10-16,3.93,3.84,4.02,4.3,,2.19
2024-10-17,3.96,3.9,4.09,4.39,,2.22
2024-10-18,3.95,3.88,4.08,4.38,,2.23
2024-10-21,4.02,3.98,4.19,4.49,,2.23
2024-10-22,4.03,4.0,4.2,4.49,,2.25
2024-10-23,4.07,4.05,4.24,4.51,,2.23
2024-10-24,4.07,4.03,4.21,4.47,,2.33
2024-10-25,4.11,4.07,4.25,4.51,,2.32
2024-10-28,4.12,4.11,4.28,4.53,,2.31
2024-10-29,4.11,4.11,4.28,4.52,,2.33
2024-10-30,4.15,4.14,4.29,4.49,,2.37
2024-10-31,4.16,4.15,4.28,4.47,,2.38
2024-11-01,4.21,4.22,4.37,4.57,4.64,2.37
2024-11-04,4.17,4.17,4.31,4.5,,2.32
2024-11-05,4.19,4.16,4.26,4.44,,2.32
2024-11-06,4.27,4.27,4.42,4.6,,2.46
2024-11-07,4.21,4.17,4.31,4.52,,2.4
2024-11-08,4.26,4.2,4.3,4.47,,2.43
2024-11-11,,,,,,
2024-11-12,4.34,4.32,4.43,4.58,,2.43
2024-11-13,4.27,4.3,4.44,4.63,,2.42
2024-11-14,4.34,4.32,4.43,4.58,,2.4
2024-11-15,4.31,4.3,4.43,4.6,,2.39
2024-11-18,4.29,4.28,4.42,4.61,,2.41
2024-11-19,4.27,4.25,4.39,4.57,,2.41
2024-11-20,4.31,4.28,4.41,4.59,,2.43
2024-11-21,4.34,4.3,4.43,4.61,,2.42
2024-11-22,4.37,4.3,4.41,4.6,,2.43
2024-11-25,4.21,4.17,4.27,4.45,,2.35
2024-11-26,4.21,4.17,4.3,4.48,,2.33
2024-11-27,4.19,4.11,4.25,4.44,,2.32
2024-11-28,,,,,,
2024-11-29,4.13,4.05,4.18,4.36,,2.33
2024-12-01,,,,,4.48,
2024-12-02,4.17,4.08,4.19,4.36,,2.33
2024-12-03,4.17,4.11,4.23,4.4,,2.36
2024-12-04,4.13,4.07,4.19,4.35,,2.37
2024-12-05,4.15,4.07,4.17,4.33,,2.35
2024-12-06,4.1,4.03,4.15,4.34,,2.31
2024-12-09,4.13,4.07,4.2,4.39,,2.33
2024-12-10,4.15,4.09,4.22,4.41,,2.34
2024-12-11,4.15,4.13,4.26,4.48,,2.38
2024-12-12,4.18,4.18,4.32,4.55,,2.39
2024-12-13,4.25,4.25,4.4,4.61,,2.4
2024-12-16,4.25,4.25,4.39,4.6,,2.38
2024-12-17,4.25,4.26,4.4,4.59,,2.36
2024-12-18,4.35,4.4,4.5,4.65,,2.38
2024-12-19,4.32,4.43,4.57,4.74,,2.35
2024-12-20,4.3,4.37,4.52,4.72,,2.34
2024-12-23,4.3,4.44,4.59,4.78,,2.38
2024-12-24,4.29,4.43,4.59,4.76,,2.39
2024-12-25,,,,,,
2024-12-26,4.3,4.42,4.58,4.76,,2.39
2024-12-27,4.31,4.45,4.62,4.82,,2.38
2024-12-30,4.24,4.37,4.55,4.77,,2.35
2024-12-31,4.25,4.38,4.58,4.78,,2.38
2025-01-01,,,,,4.33,
2025-01-02,4.25,4.38,4.57,4.79,,2.41
2025-01-03,4.28,4.41,4.6,4.82,,2.4
2025-01-06,4.28,4.42,4.62,4.85,,2.4
2025-01-07,4.3,4.46,4.67,4.91,,2.44
2025-01-08,4.28,4.45,4.67,4.91,,2.47
2025-01-09,4.27,4.46,4.68,4.92,,2.46
2025-01-10,4.4,4.59,4.77,4.96,,2.51
2025-01-13,4.4,4.61,4.79,4.97,,2.55
2025-01-14,4.37,4.59,4.78,4.98,,2.55
2025-01-15,4.27,4.45,4.66,4.88,,2.52
2025-01-16,4.23,4.39,4.61,4.84,,2.51
2025-01-17,4.27,4.42,4.61,4.84,,2.52
2025-01-20,,,,,,
2025-01-21,4.29,4.4,4.57,4.8,,2.47
2025-01-22,4.29,4.43,4.6,4.82,,2.48
2025-01-23,4.29,4.45,4.65,4.87,,2.52
2025-01-24,4.27,4.43,4.63,4.85,,2.52
2025-01-27,4.17,4.32,4.53,4.76,,2.49
2025-01-28,4.19,4.33,4.55,4.78,,2.52
2025-01-29,4.21,4.35,4.55,4.79,,2.52
2025-01-30,4.18,4.31,4.52,4.76,,2.5
2025-01-31,4.22,4.36,4.58,4.83,,2.54
2025-02-01,,,,,4.33,
2025-02-03,4.26,4.35,4.54,4.77,,2.61
2025-02-04,4.21,4.31,4.52,4.75,,2.59
2025-02-05,4.17,4.24,4.43,4.64,,2.57
2025-02-06,4.21,4.28,4.45,4.65,,2.57
2025-02-07,4.29,4.34,4.49,4.69,,2.59
2025-02-10,4.28,4.34,4.51,4.71,,2.6
2025-02-11,4.29,4.37,4.54,4.75,,2.64
2025-02-12,4.36,4.48,4.62,4.83,,2.66
2025-02-13,4.31,4.39,4.52,4.72,,2.64
2025-02-14,4.26,4.33,4.47,4.69,,2.62
2025-02-17,,,,,,
2025-02-18,4.29,4.4,4.55,4.77,,2.65
2025-02-19,4.28,4.37,4.53,4.76,,2.66
2025-02-20,4.28,4.34,4.5,4.74,,2.66
2025-02-21,4.19,4.26,4.42,4.67,,2.61
2025-02-24,4.13,4.23,4.4,4.66,,2.61
2025-02-25,4.07,4.12,4.3,4.55,,2.57
2025-02-26,4.05,4.06,4.25,4.51,,2.54
2025-02-27,4.07,4.09,4.29,4.56,,2.57
2025-02-28,3.99,4.03,4.24,4.51,,2.58
2025-03-01,,,,,4.33,
2025-03-03,3.96,3.97,4.16,4.45,,2.59
2025-03-04,3.96,4.01,4.22,4.53,,2.59
2025-03-05,3.99,4.08,4.28,4.57,,2.56
2025-03-06,3.96,4.06,4.29,4.58,,2.53
2025-03-07,3.99,4.09,4.32,4.62,,2.52
2025-03-10,3.89,3.98,4.22,4.54,,2.49
2025-03-11,3.94,4.03,4.28,4.59,,2.5
2025-03-12,4.01,4.09,4.32,4.63,,2.53
2025-03-13,3.94,4.02,4.27,4.59,,2.48
2025-03-14,4.02,4.09,4.31,4.62,,2.48
2025-03-17,4.06,4.11,4.31,4.6,,2.48
2025-03-18,4.04,4.07,4.29,4.58,,2.46
2025-03-19,3.99,4.03,4.25,4.56,,2.5
2025-03-20,3.95,4.01,4.24,4.55,,2.51
2025-03-21,3.94,4.0,4.25,4.59,,2.51
2025-03-24,4.04,4.09,4.34,4.66,,2.54
2025-03-25,3.96,4.07,4.31,4.65,,2.56
2025-03-26,3.98,4.08,4.35,4.69,,2.56
2025-03-27,3.97,4.09,4.38,4.73,,2.6
2025-03-28,3.89,3.98,4.27,4.64,,2.58
2025-03-31,3.89,3.96,4.23,4.59,,2.61
2025-04-01,3.87,3.91,4.17,4.52,4.33,2.54
2025-04-02,3.91,3.95,4.2,4.54,,2.51
2025-04-03,3.71,3.75,4.06,4.49,,2.5
2025-04-04,3.68,3.72,4.01,4.41,,2.34
2025-04-07,3.73,3.82,4.15,4.58,,2.31
2025-04-08,3.71,3.88,4.26,4.71,,2.35
2025-04-09,3.91,4.06,4.34,4.72,,2.45
2025-04-10,3.84,4.04,4.4,4.86,,2.32
2025-04-11,3.96,4.15,4.48,4.85,,2.33
2025-04-14,3.84,4.02,4.38,4.8,,2.35
2025-04-15,3.84,3.98,4.35,4.79,,2.31
2025-04-16,3.77,3.91,4.29,4.74,,2.29
2025-04-17,3.81,3.95,4.34,4.8,,2.26
2025-04-18,,,,,,
2025-04-21,3.75,3.97,4.42,4.91,,2.25
2025-04-22,3.76,3.98,4.41,4.88,,2.3
2025-04-23,3.81,4.0,4.4,4.83,,2.33
2025-04-24,3.77,3.91,4.32,4.77,,2.35
2025-04-25,3.74,3.88,4.29,4.74,,2.32
2025-04-28,3.67,3.81,4.23,4.69,,2.32
2025-04-29,3.65,3.77,4.19,4.64,,2.29
2025-04-30,3.6,3.72,4.17,4.66,,2.29
2025-05-01,3.7,3.81,4.25,4.74,4.33,2.3
2025-05-02,3.83,3.92,4.33,4.79,,2.31
2025-05-05,3.83,3.95,4.36,4.83,,2.33
2025-05-06,3.78,3.9,4.3,4.81,,2.34
2025-05-07,3.78,3.87,4.26,4.77,,2.33
2025-05-08,3.9,4.0,4.37,4.83,,2.39
2025-05-09,3.88,4.0,4.37,4.83,,2.39
2025-05-12,3.98,4.09,4.45,4.89,,2.35
2025-05-13,4.02,4.12,4.49,4.94,,2.38
2025-05-14,4.05,4.17,4.53,4.97,,2.44
2025-05-15,3.96,4.07,4.45,4.91,,2.41
2025-05-16,3.98,4.06,4.43,4.89,,2.42
2025-05-19,3.97,4.07,4.46,4.92,,2.43
2025-05-20,3.97,4.07,4.48,4.96,,2.42
2025-05-21,4.0,4.15,4.58,5.08,,2.43
2025-05-22,4.0,4.11,4.54,5.05,,2.42
2025-05-23,4.0,4.08,4.51,5.04,,2.4
2025-05-26,,,,,,
2025-05-27,3.92,4.04,4.43,4.94,,2.41
2025-05-28,3.96,4.05,4.47,4.97,,2.39
2025-05-29,3.92,4.0,4.43,4.92,,2.38
2025-05-30,3.89,3.96,4.41,4.92,,2.39
2025-06-01,,,,,4.33,
2025-06-02,3.94,4.01,4.46,4.99,,2.38
2025-06-03,3.96,4.04,4.46,4.98,,2.38
2025-06-04,3.87,3.93,4.37,4.89,,2.32
2025-06-05,3.92,3.99,4.4,4.88,,2.31
2025-06-06,4.04,4.13,4.51,4.97,,2.35
2025-06-09,4.01,4.09,4.49,4.95,,2.34
2025-06-10,4.01,4.08,4.47,4.93,,2.32
2025-06-11,3.94,4.02,4.41,4.91,,2.3
2025-06-12,3.9,3.97,4.36,4.84,,2.28
2025-06-13,3.96,4.02,4.41,4.9,,2.31
2025-06-16,3.97,4.04,4.46,4.96,,2.32
2025-06-17,3.94,3.99,4.39,4.88,,2.35
2025-06-18,3.94,3.98,4.38,4.88,,2.36
2025-06-19,,,,,,
2025-06-20,3.9,3.96,4.38,4.89,,2.37
2025-06-23,3.84,3.91,4.34,4.87,,2.33
2025-06-24,3.75,3.86,4.3,4.83,,2.3
2025-06-25,3.74,3.83,4.29,4.83,,2.28
2025-06-26,3.7,3.79,4.26,4.81,,2.29
2025-06-27,3.73,3.83,4.29,4.85,,2.31
2025-06-30,3.72,3.79,4.24,4.78,,2.31
2025-07-01,3.78,3.84,4.26,4.78,4.33,2.32
2025-07-02,3.78,3.87,4.3,4.82,,2.34
2025-07-03,3.88,3.94,4.35,4.86,,2.37
2025-07-04,,,,,,
2025-07-07,3.9,3.96,4.4,4.92,,2.4
2025-07-08,3.9,3.99,4.42,4.94,,2.39
2025-07-09,3.86,3.92,4.34,4.87,,2.38
2025-07-10,3.86,3.93,4.35,4.86,,2.39
2025-07-11,3.9,3.99,4.43,4.96,,2.44
2025-07-14,3.9,3.98,4.43,4.97,,2.45
2025-07-15,3.95,4.05,4.5,5.01,,2.48
2025-07-16,3.88,3.99,4.46,5.01,,2.49
2025-07-17,3.91,4.01,4.47,5.01,,2.53
2025-07-18,3.88,3.96,4.44,5.0,,2.5
2025-07-21,3.85,3.91,4.38,4.94,,2.49
2025-07-22,3.83,3.88,4.35,4.9,,2.47
2025-07-23,3.88,3.94,4.4,4.95,,2.44
2025-07-24,3.91,3.98,4.43,4.96,,2.5
2025-07-25,3.91,3.95,4.4,4.92,,2.47
2025-07-28,3.91,3.96,4.42,4.96,,2.47
2025-07-29,3.86,3.9,4.34,4.86,,2.48
2025-07-30,3.94,3.96,4.38,4.89,,2.48
2025-07-31,3.94,3.96,4.37,4.89,,2.46
2025-08-01,3.69,3.77,4.23,4.81,4.33,2.38
2025-08-04,3.69,3.75,4.22,4.8,,2.41
2025-08-05,3.72,3.77,4.22,4.78,,2.41
2025-08-06,3.69,3.77,4.22,4.81,,2.4
2025-08-07,3.72,3.79,4.23,4.81,,2.41
2025-08-08,3.76,3.84,4.27,4.85,,2.46
2025-08-11,3.76,3.83,4.27,4.84,,2.46
2025-08-12,3.72,3.83,4.29,4.88,,2.43
2025-08-13,3.67,3.77,4.24,4.83,,2.42
2025-08-14,3.74,3.82,4.29,4.88,,2.43
2025-08-15,3.75,3.85,4.33,4.92,,2.42
2025-08-18,3.77,3.86,4.34,4.94,,2.42
2025-08-19,3.75,3.82,4.3,4.9,,2.39
2025-08-20,3.74,3.81,4.29,4.89,,2.4
2025-08-21,3.79,3.86,4.33,4.92,,2.44
2025-08-22,3.68,3.76,4.26,4.88,,2.48
2025-08-25,3.73,3.8,4.28,4.89,,2.49
2025-08-26,3.61,3.75,4.26,4.9,,2.5
2025-08-27,3.59,3.69,4.24,4.91,,2.5
2025-08-28,3.62,3.69,4.22,4.88,,2.49
2025-08-29,3.59,3.68,4.23,4.92,,2.47
2025-09-01,,,,,4.22,
2025-09-02,3.66,3.74,4.28,4.97,,2.48
2025-09-03,3.61,3.69,4.22,4.9,,2.46
2025-09-04,3.59,3.65,4.17,4.86,,2.44
2025-09-05,3.51,3.59,4.1,4.78,,2.42
2025-09-08,3.49,3.57,4.05,4.69,,2.41
2025-09-09,3.54,3.61,4.08,4.72,,2.43
2025-09-10,3.54,3.59,4.04,4.69,,2.41
2025-09-11,3.52,3.59,4.01,4.65,,2.41
2025-09-12,3.56,3.63,4.06,4.68,,2.42
2025-09-15,3.54,3.61,4.05,4.66,,2.41
2025-09-16,3.51,3.59,4.04,4.65,,2.42
2025-09-17,3.52,3.62,4.06,4.66,,2.43
2025-09-18,3.57,3.67,4.11,4.72,,2.44
2025-09-19,3.57,3.68,4.14,4.75,,2.43
2025-09-22,3.61,3.71,4.15,4.77,,2.42
2025-09-23,3.53,3.68,4.12,4.73,,2.42
2025-09-24,3.57,3.7,4.16,4.76,,2.42
2025-09-25,3.64,3.75,4.18,4.75,,2.42
2025-09-26,3.63,3.76,4.2,4.77,,2.42
2025-09-29,3.63,3.74,4.15,4.71,,2.41
2025-09-30,3.6,3.74,4.16,4.73,,2.42
2025-10-01,3.55,3.68,4.12,4.72,4.09,2.39
2025-10-02,3.55,3.67,4.1,4.69,,2.37
2025-10-03,3.58,3.72,4.13,4.71,,2.38
2025-10-06,3.6,3.75,4.18,4.76,,2.38
2025-10-07,3.57,3.71,4.14,4.73,,2.39
2025-10-08,3.58,3.72,4.13,4.72,,2.39
2025-10-09,3.6,3.74,4.14,4.72,,2.39
2025-10-10,3.52,3.65,4.05,4.63,,2.35
2025-10-13,,,,,,
2025-10-14,3.48,3.6,4.03,4.62,,2.33
2025-10-15,3.5,3.63,4.05,4.64,,2.33
2025-10-16,3.41,3.55,3.99,4.58,,2.29
2025-10-17,3.46,3.59,4.02,4.6,,2.29
2025-10-20,3.46,3.58,4.0,4.58,,2.28
2025-10-21,3.45,3.56,3.98,4.55,,2.3
2025-10-22,3.45,3.56,3.97,4.54,,2.32
2025-10-23,3.48,3.61,4.01,4.58,,2.42
2025-10-24,3.48,3.61,4.02,4.59,,2.4
2025-10-27,3.48,3.61,4.01,4.57,,2.37
2025-10-28,3.47,3.6,3.99,4.55,,2.36
2025-10-29,3.59,3.7,4.08,4.61,,2.37
2025-10-30,3.61,3.72,4.11,4.65,,2.38
2025-10-31,3.6,3.71,4.11,4.67,,2.4
2025-11-01,,,,,3.88,
2025-11-03,3.6,3.72,4.13,4.69,,2.41
2025-11-04,3.58,3.69,4.1,4.67,,2.38
2025-11-05,3.63,3.76,4.17,4.74,,2.39
2025-11-06,3.57,3.69,4.11,4.69,,2.37
2025-11-07,3.55,3.67,4.11,4.7,,2.36
2025-11-10,3.58,3.72,4.13,4.71,,2.38
2025-11-11,,,,,,
2025-11-12,3.56,3.68,4.08,4.67,,2.37
2025-11-13,3.58,3.71,4.11,4.7,,2.37
2025-11-14,3.62,3.74,4.14,4.74,,2.38
2025-11-17,3.6,3.72,4.13,4.73,,2.37
2025-11-18,3.58,3.7,4.12,4.74,,2.36
2025-11-19,3.58,3.71,4.13,4.75,,2.36
2025-11-20,3.55,3.68,4.1,4.73,,2.34
2025-11-21,3.51,3.62,4.06,4.71,,2.32
2025-11-24,3.46,3.61,4.04,4.68,,2.3
2025-11-25,3.43,3.55,4.01,4.67,,2.27
2025-11-26,3.45,3.56,4.0,4.64,,2.29
2025-11-27,,,,,,
2025-11-28,3.47,3.59,4.02,4.67,,2.29
2025-12-01,3.54,3.67,4.09,4.74,3.72,2.31
2025-12-02,3.51,3.66,4.09,4.74,,2.3
2025-12-03,3.49,3.62,4.06,4.73,,2.29
2025-12-04,3.52,3.68,4.11,4.76,,2.33
2025-12-05,3.56,3.72,4.14,4.79,,2.34
2025-12-08,3.57,3.75,4.17,4.81,,2.32
2025-12-09,3.61,3.78,4.18,4.8,,2.32
2025-12-10,3.54,3.72,4.13,4.78,,2.32
2025-12-11,3.52,3.72,4.14,4.79,,2.32
2025-12-12,3.52,3.75,4.19,4.85,,2.32
2025-12-15,3.51,3.73,4.18,4.84,,2.29
2025-12-16,3.48,3.69,4.15,4.82,,2.25
2025-12-17,3.49,3.7,4.16,4.83,,2.26
2025-12-18,3.46,3.66,4.12,4.8,,2.26
2025-12-19,3.48,3.7,4.16,4.82,,2.27
2025-12-22,3.44,3.71,4.17,4.84,,2.25
2025-12-23,3.48,3.72,4.18,4.83,,2.24
2025-12-24,3.47,3.7,4.15,4.79,,2.24
2025-12-25,,,,,,
2025-12-26,3.46,3.68,4.14,4.81,,2.22
2025-12-29,3.45,3.67,4.12,4.8,,2.23
2025-12-30,3.45,3.68,4.14,4.81,,2.25
2025-12-31,3.47,3.73,4.18,4.84,,2.26
2026-01-01,,,,,3.64,
2026-01-02,3.47,3.74,4.19,4.86,,2.28
2026-01-05,3.46,3.71,4.17,4.85,,2.29
2026-01-06,3.47,3.72,4.18,4.86,,2.3
2026-01-07,3.47,3.7,4.15,4.82,,2.3
2026-01-08,3.49,3.74,4.19,4.85,,2.31
2026-01-09,3.54,3.75,4.18,4.82,,2.32
2026-01-12,3.54,3.77,4.19,4.83,,2.36
2026-01-13,3.53,3.75,4.18,4.83,,2.37
2026-01-14,3.51,3.72,4.15,4.79,,2.36
2026-01-15,3.56,3.77,4.17,4.79,,2.36
2026-01-16,3.59,3.82,4.24,4.83,,2.39
2026-01-19,,,,,,
2026-01-20,3.6,3.86,4.3,4.91,,2.4
2026-01-21,3.6,3.83,4.26,4.87,,2.42
2026-01-22,3.61,3.85,4.26,4.84,,2.42
2026-01-23,3.6,3.84,4.24,4.82,,2.46
2026-01-26,3.56,3.82,4.22,4.8,,2.45
2026-01-27,3.53,3.81,4.24,4.83,,2.47
2026-01-28,3.56,3.83,4.26,4.85,,2.5
2026-01-29,3.53,3.8,4.24,4.85,,2.52
2026-01-30,3.52,3.79,4.26,4.87,,2.53
2026-02-01,,,,,3.64,
2026-02-02,3.57,3.83,4.29,4.9,,2.52
2026-02-03,3.57,3.83,4.28,4.9,,2.53
2026-02-04,3.57,3.83,4.29,4.91,,2.51
2026-02-05,3.47,3.74,4.21,4.85,,2.48
2026-02-06,3.5,3.76,4.22,4.85,,2.5
2026-02-09,3.48,3.75,4.22,4.85,,2.5
2026-02-10,3.45,3.7,4.16,4.78,,2.47
2026-02-11,3.52,3.75,4.18,4.82,,2.49
2026-02-12,3.47,3.67,4.09,4.72,,2.45
2026-02-13,3.4,3.61,4.04,4.69,,2.42
2026-02-16,,,,,,
2026-02-17,3.43,3.63,4.05,4.68,,2.39
2026-02-18,3.47,3.66,4.09,4.71,,2.43
2026-02-19,3.47,3.65,4.08,4.7,,2.43
2026-02-20,3.48,3.65,4.08,4.72,,2.43
2026-02-23,3.43,3.59,4.03,4.7,,2.4
2026-02-24,3.43,3.61,4.04,4.7,,2.4
2026-02-25,3.45,3.61,4.05,4.7,,2.42
2026-02-26,3.42,3.57,4.02,4.67,,2.43
2026-02-27,3.38,3.51,3.97,4.64,,2.4
2026-03-01,,,,,3.64,
2026-03-02,3.47,3.62,4.05,4.7,,2.46
2026-03-03,3.51,3.63,4.06,4.7,,2.46
2026-03-04,3.54,3.67,4.09,4.72,,2.46
2026-03-05,3.57,3.72,4.13,4.74,,2.51
2026-03-06,3.56,3.72,4.15,4.77,,2.56
2026-03-09,3.56,3.71,4.12,4.72,,2.56
2026-03-10,3.57,3.73,4.15,4.78,,2.53
2026-03-11,3.64,3.79,4.21,4.86,,2.58
2026-03-12,3.76,3.88,4.27,4.88,,2.63
2026-03-13,3.73,3.87,4.28,4.9,,2.61
2026-03-16,3.68,3.8,4.23,4.86,,2.58
2026-03-17,3.68,3.79,4.2,4.85,,2.62
2026-03-18,3.76,3.87,4.26,4.88,,2.66
2026-03-19,3.79,3.88,4.25,4.83,,2.61
2026-03-20,3.88,4.01,4.39,4.96,,2.63
2026-03-23,3.83,3.95,4.34,4.91,,2.53
2026-03-24,3.9,4.03,4.39,4.94,,2.55
2026-03-25,3.84,3.96,4.33,4.89,,2.51
2026-03-26,3.96,4.08,4.42,4.93,,2.56
2026-03-27,3.88,4.06,4.44,4.98,,2.56
2026-03-30,3.82,3.97,4.35,4.91,,2.57
2026-03-31,3.79,3.92,4.3,4.88,,2.54
2026-04-01,3.81,3.97,4.33,4.91,3.64,2.55
2026-04-02,3.79,3.94,4.31,4.88,,2.57
2026-04-03,3.84,3.99,4.35,4.91,,2.61
2026-04-06,3.84,3.98,4.34,4.89,,2.6
2026-04-07,3.81,3.95,4.33,4.9,,2.61
2026-04-08,3.79,3.92,4.29,4.89,,2.56
2026-04-09,3.78,3.91,4.29,4.9,,2.56
2026-04-10,3.81,3.94,4.31,4.91,,2.58
2026-04-13,3.78,3.92,4.3,4.9,,2.61
2026-04-14,3.76,3.87,4.26,4.87,,2.59
2026-04-15,3.76,3.9,4.29,4.89,,2.61
2026-04-16,3.78,3.91,4.32,4.93,,2.6
2026-04-17,3.71,3.84,4.26,4.88,,2.56
2026-04-20,3.72,3.86,4.26,4.88,,2.57
2026-04-21,3.78,3.91,4.3,4.89,,2.6
2026-04-22,3.79,3.91,4.3,4.9,,2.61
2026-04-23,3.83,3.96,4.34,4.92,,2.58
2026-04-24,3.78,3.92,4.31,4.91,,2.61
2026-04-27,3.78,3.94,4.35,4.94,,2.62
2026-04-28,3.84,3.97,4.36,4.94,,2.63
2026-04-29,3.92,4.05,4.42,4.98,,2.67
2026-04-30,3.88,4.02,4.4,4.98,,2.67
2026-05-01,3.88,4.02,4.39,4.97,,2.69
2026-05-04,3.95,4.08,4.45,5.02,,2.72
2026-05-05,3.93,4.08,4.43,4.98,,2.67
2026-05-06,3.87,3.99,4.36,4.94,,2.58
2026-05-07,3.92,4.04,4.41,4.97,,2.61
2026-05-08,3.9,4.02,4.38,4.95,,2.62
2026-05-11,3.95,4.07,4.42,4.98,,2.67
2026-05-12,4.0,4.12,4.46,5.03,,2.69
2026-05-13,3.98,4.12,4.46,5.03,,2.7
2026-05-14,4.0,4.13,4.47,5.02,,2.67
2026-05-15,4.09,4.26,4.59,5.12,,2.7
2026-05-18,4.07,4.27,4.61,5.14,,2.69
2026-05-19,4.13,4.32,4.67,5.18,,2.66
2026-05-20,4.04,4.22,4.57,5.11,,2.59
2026-05-21,4.08,4.25,4.57,5.1,,2.57
2026-05-22,4.13,4.27,4.56,5.07,,2.54
2026-05-25,,,,,,
2026-05-26,4.01,4.19,4.5,5.03,,2.53
2026-05-27,4.0,4.17,4.48,5.01,,2.53
2026-05-28,3.99,4.15,4.45,4.98,,2.54